prim_track,nsegsum,shower_max,max_pid,shower_start
274142.0,3,1,1,10000
274243.0,4,1,1,10000
274244.0,4,1,1,10000
274323.0,4,1,1,10000
274326.0,4,1,1,10000
274333.0,4,2,1,1
274354.0,12,3,1,1
274357.0,2,1,1,10000
274358.0,2,1,1,10000
274372.0,10,2,21,21
274373.0,4,1,1,10000
274375.0,2,1,1,10000
274437.0,8,2,18,18
274438.0,4,1,1,10000
274442.0,4,1,1,10000
274443.0,2,1,1,10000
274444.0,8,2,15,15
274445.0,2,1,1,10000
274446.0,46,10,9,2
274447.0,4,2,1,1
274448.0,7,2,55,55
274449.0,2,1,1,10000
274450.0,4,1,1,10000
274452.0,8,2,6,6
274464.0,4,1,1,10000
274465.0,11,3,1,1
274466.0,4,1,1,10000
274467.0,4,1,1,10000
274468.0,4,1,1,10000
274517.0,12,3,1,1
274518.0,3,1,1,10000
274530.0,4,2,1,1
274531.0,4,2,1,1
274532.0,2,1,1,10000
274546.0,14,3,7,1
274547.0,2,1,1,10000
274549.0,9,2,5,5
274552.0,11,2,6,6
274589.0,4,1,1,10000
274590.0,2,1,1,10000
274597.0,3,1,1,10000
274599.0,4,1,1,10000
274623.0,2,1,1,10000
274625.0,4,1,1,10000
274626.0,4,1,1,10000
274648.0,4,1,1,10000
274716.0,4,1,1,10000
274718.0,4,1,1,10000
274743.0,4,1,1,10000
274744.0,4,1,1,10000
274746.0,4,1,1,10000
274747.0,4,1,1,10000
274791.0,3,1,1,10000
274800.0,2,1,1,10000
274801.0,4,1,1,10000
274824.0,3,1,1,10000
274825.0,3,1,1,10000
274826.0,2,1,1,10000
274834.0,4,1,1,10000
274893.0,4,1,1,10000
274894.0,4,1,1,10000
274904.0,7,2,19,19
274905.0,4,1,1,10000
274911.0,4,1,1,10000
274924.0,4,1,1,10000
274930.0,4,1,2,10000
274950.0,4,1,1,10000
274951.0,9,2,22,22
274952.0,2,1,1,10000
274954.0,4,1,4,10000
274998.0,4,1,1,10000
275000.0,4,1,1,10000
275013.0,4,1,4,10000
275038.0,4,1,1,10000
275102.0,9,2,31,31
275103.0,2,1,1,10000
275108.0,54,9,12,3
275126.0,4,1,1,10000
275146.0,4,1,1,10000
275156.0,4,1,2,10000
275239.0,4,1,1,10000
275240.0,3,1,1,10000
275246.0,4,1,1,10000
275269.0,4,1,1,10000
275270.0,4,1,1,10000
275338.0,4,1,7,10000
275339.0,1,1,1,10000
275340.0,9,2,24,24
275341.0,4,1,1,10000
275354.0,4,1,1,10000
275355.0,4,1,1,10000
275364.0,4,1,1,10000
275389.0,4,1,1,10000
275464.0,4,1,1,10000
275465.0,3,1,1,10000
275466.0,3,1,1,10000
275468.0,7,2,23,23
275499.0,4,1,1,10000
275554.0,57,11,9,3
275588.0,4,1,3,10000
275589.0,4,1,1,10000
275636.0,3,1,1,10000
275679.0,4,1,1,10000
275680.0,3,1,1,10000
275683.0,4,1,1,10000
275783.0,4,1,1,10000
275828.0,4,1,1,10000
275842.0,4,1,1,10000
275859.0,56,13,16,2
275907.0,4,1,3,10000
275979.0,2,1,1,10000
275980.0,3,1,1,10000
275987.0,4,1,1,10000
276004.0,3,1,1,10000
276005.0,4,1,1,10000
276025.0,4,1,1,10000
276027.0,4,1,1,10000
276028.0,4,1,1,10000
276081.0,4,1,1,10000
276082.0,4,1,1,10000
276091.0,4,1,1,10000
276092.0,3,1,1,10000
276093.0,4,1,1,10000
276094.0,4,1,1,10000
276167.0,4,1,3,10000
276204.0,4,1,1,10000
276223.0,4,1,1,10000
276226.0,4,1,1,10000
276258.0,4,1,1,10000
276260.0,4,1,2,10000
276316.0,3,1,1,10000
276320.0,3,1,1,10000
276321.0,4,1,1,10000
276326.0,3,1,1,10000
276328.0,4,1,1,10000
276329.0,4,1,1,10000
276405.0,13,3,5,4
276418.0,4,1,1,10000
276457.0,4,1,1,10000
276477.0,4,1,1,10000
276529.0,4,1,1,10000
276530.0,2,1,3,10000
276563.0,3,1,1,10000
276612.0,4,1,1,10000
276620.0,4,1,1,10000
276654.0,4,1,1,10000
276709.0,4,1,1,10000
276719.0,3,1,1,10000
276755.0,4,1,1,10000
276756.0,4,1,1,10000
276757.0,3,1,1,10000
276837.0,4,1,1,10000
276847.0,3,1,1,10000
276848.0,3,1,1,10000
276849.0,4,1,1,10000
276850.0,4,1,1,10000
276851.0,4,1,1,10000
276854.0,2,1,1,10000
276877.0,4,1,1,10000
276879.0,3,1,3,10000
276958.0,4,1,1,10000
288500.0,4,1,1,10000
288523.0,11,2,20,20
288526.0,4,1,1,10000
288566.0,4,1,1,10000
288634.0,2,1,1,10000
288641.0,2,1,1,10000
288656.0,4,1,1,10000
288657.0,2,1,1,10000
288681.0,4,1,1,10000
288693.0,8,2,17,17
288694.0,4,1,1,10000
288696.0,4,1,1,10000
288732.0,4,1,1,10000
288734.0,4,1,1,10000
288735.0,4,1,1,10000
288754.0,2,1,1,10000
288774.0,9,2,9,9
288777.0,4,1,1,10000
288779.0,7,2,15,15
288780.0,4,1,1,10000
288781.0,3,2,1,1
288782.0,4,1,2,10000
288788.0,8,2,1,1
288791.0,4,1,1,10000
288812.0,4,1,1,10000
288813.0,2,1,1,10000
288833.0,2,1,1,10000
288835.0,2,1,2,10000
288855.0,8,2,9,9
288856.0,3,1,1,10000
288857.0,3,1,1,10000
288866.0,2,1,1,10000
288867.0,4,1,1,10000
288883.0,10,2,20,20
288885.0,4,1,1,10000
288901.0,8,2,15,15
288902.0,4,1,4,10000
288906.0,4,1,2,10000
288912.0,4,1,1,10000
288926.0,4,1,1,10000
288929.0,4,1,1,10000
288931.0,4,1,1,10000
288937.0,4,1,1,10000
288949.0,4,1,2,10000
288957.0,4,1,1,10000
288958.0,11,2,18,18
288978.0,6,2,1,1
288979.0,2,1,1,10000
288980.0,5,2,1,1
288993.0,2,1,1,10000
289001.0,3,1,1,10000
289002.0,8,2,24,24
289003.0,3,1,1,10000
289027.0,6,2,1,1
289028.0,6,2,1,1
289053.0,4,1,1,10000
289055.0,6,2,17,17
289086.0,4,1,1,10000
289098.0,4,1,1,10000
289131.0,4,1,1,10000
289132.0,4,1,1,10000
289135.0,4,1,3,10000
289151.0,4,1,1,10000
289153.0,3,1,1,10000
289169.0,4,1,1,10000
289185.0,4,1,1,10000
289193.0,4,1,1,10000
289214.0,4,1,1,10000
289215.0,4,1,1,10000
289219.0,4,1,1,10000
289221.0,4,1,1,10000
289229.0,4,1,1,10000
289259.0,4,1,1,10000
289260.0,3,1,1,10000
289261.0,3,1,1,10000
289282.0,4,1,1,10000
289298.0,4,1,1,10000
289299.0,11,2,11,11
289300.0,3,1,2,10000
289301.0,4,1,1,10000
289302.0,4,1,1,10000
289303.0,4,1,1,10000
289329.0,4,1,1,10000
289332.0,4,1,1,10000
289333.0,4,1,1,10000
289334.0,4,1,1,10000
289344.0,4,1,1,10000
289369.0,4,1,1,10000
289403.0,4,1,1,10000
289404.0,4,1,1,10000
289426.0,4,1,1,10000
289427.0,4,1,1,10000
289430.0,6,2,1,1
289431.0,6,2,1,1
289450.0,2,1,1,10000
289457.0,2,1,1,10000
289458.0,4,1,1,10000
289461.0,4,1,1,10000
289496.0,4,1,1,10000
289497.0,4,1,3,10000
289499.0,4,1,1,10000
289517.0,9,2,17,17
289518.0,4,1,1,10000
289558.0,4,1,1,10000
289568.0,3,1,1,10000
289569.0,2,1,4,10000
289585.0,4,1,1,10000
289597.0,2,1,1,10000
289598.0,4,1,1,10000
289604.0,4,1,1,10000
289611.0,4,1,1,10000
289644.0,4,1,1,10000
289645.0,10,2,19,19
289647.0,4,1,1,10000
289664.0,4,1,1,10000
289665.0,4,1,1,10000
289678.0,3,1,1,10000
289679.0,4,1,1,10000
289708.0,4,1,1,10000
289710.0,4,1,1,10000
289726.0,4,1,1,10000
289734.0,3,1,3,10000
289735.0,4,1,1,10000
289750.0,4,1,2,10000
289751.0,4,1,2,10000
289752.0,8,2,2,2
289753.0,10,2,3,3
289761.0,4,1,1,10000
289762.0,4,1,1,10000
289764.0,4,1,1,10000
289789.0,3,1,1,10000
289809.0,4,1,1,10000
289814.0,4,1,1,10000
289854.0,4,1,2,10000
289899.0,4,1,5,10000
289918.0,4,1,1,10000
289940.0,4,1,1,10000
289954.0,4,1,1,10000
289955.0,4,1,1,10000
289957.0,4,1,1,10000
289982.0,4,1,1,10000
290002.0,2,1,1,10000
290003.0,4,1,4,10000
290044.0,4,1,1,10000
290045.0,3,1,1,10000
290046.0,4,1,2,10000
290047.0,4,1,1,10000
290070.0,4,1,1,10000
290071.0,4,1,1,10000
290077.0,2,1,1,10000
290078.0,4,1,1,10000
290101.0,4,1,1,10000
290128.0,4,1,1,10000
290129.0,4,1,1,10000
290130.0,4,1,1,10000
290154.0,4,1,1,10000
290155.0,4,1,1,10000
290156.0,4,1,4,10000
290185.0,3,1,1,10000
290250.0,2,1,2,10000
290251.0,4,1,1,10000
290254.0,4,1,1,10000
290280.0,3,1,1,10000
290281.0,2,1,1,10000
290282.0,4,1,1,10000
290297.0,4,1,1,10000
290318.0,2,1,1,10000
290337.0,4,1,3,10000
290338.0,63,13,16,6
290368.0,4,1,1,10000
290416.0,10,2,9,9
290434.0,4,1,1,10000
290457.0,4,1,1,10000
290459.0,4,1,1,10000
290486.0,4,1,1,10000
290487.0,50,10,12,2
290508.0,4,1,1,10000
290510.0,3,1,1,10000
290528.0,4,1,1,10000
290532.0,2,1,1,10000
290540.0,4,1,1,10000
290543.0,4,1,1,10000
290544.0,4,1,1,10000
290545.0,4,1,1,10000
290546.0,4,1,3,10000
290552.0,3,1,8,10000
290553.0,4,1,1,10000
290558.0,4,1,2,10000
290577.0,4,1,1,10000
290596.0,4,1,3,10000
290634.0,4,1,1,10000
290636.0,4,1,1,10000
290654.0,4,1,1,10000
290678.0,4,1,1,10000
290694.0,4,1,1,10000
290714.0,4,1,1,10000
290715.0,4,1,1,10000
290716.0,4,1,1,10000
290751.0,4,1,1,10000
290764.0,3,1,1,10000
290777.0,4,1,1,10000
290795.0,4,1,3,10000
290796.0,4,1,1,10000
290805.0,4,1,1,10000
290809.0,4,1,1,10000
290810.0,4,1,3,10000
290825.0,4,1,1,10000
290847.0,2,1,1,10000
290870.0,4,1,1,10000
290887.0,37,10,18,3
290888.0,4,1,1,10000
290923.0,4,1,1,10000
290934.0,3,1,1,10000
290935.0,3,1,1,10000
290961.0,4,1,1,10000
290973.0,4,1,1,10000
290996.0,4,1,1,10000
290997.0,4,1,3,10000
291000.0,4,1,1,10000
291015.0,4,1,2,10000
291016.0,3,1,3,10000
291163.0,2,1,1,10000
291187.0,3,1,1,10000
291188.0,11,2,6,6
291190.0,4,1,1,10000
291191.0,3,1,2,10000
291237.0,4,1,1,10000
291265.0,4,1,1,10000
291266.0,3,1,1,10000
291278.0,3,1,1,10000
291279.0,3,1,1,10000
291283.0,4,1,1,10000
291324.0,4,1,1,10000
291331.0,4,1,1,10000
291368.0,4,1,1,10000
291371.0,3,1,2,10000
291398.0,4,1,1,10000
291411.0,4,1,1,10000
291414.0,4,1,1,10000
291441.0,4,1,1,10000
291442.0,4,1,2,10000
291443.0,2,1,1,10000
291499.0,4,1,2,10000
291500.0,4,1,1,10000
291501.0,3,1,1,10000
291538.0,4,1,1,10000
291550.0,4,1,1,10000
291594.0,4,1,1,10000
291645.0,4,1,3,10000
291646.0,3,1,1,10000
301913.0,4,1,1,10000
301943.0,4,1,1,10000
301944.0,4,1,5,10000
301946.0,4,1,1,10000
301970.0,4,1,1,10000
301971.0,8,2,5,5
301972.0,7,2,17,17
301973.0,4,1,1,10000
301988.0,4,1,1,10000
302035.0,4,1,1,10000
302036.0,4,1,1,10000
302038.0,4,1,1,10000
302061.0,4,1,1,10000
302062.0,4,1,1,10000
302076.0,4,1,1,10000
302125.0,3,1,1,10000
302130.0,4,1,1,10000
302143.0,3,1,1,10000
302148.0,4,1,3,10000
302149.0,4,1,1,10000
302150.0,2,1,1,10000
302153.0,1,1,1,10000
302170.0,10,2,6,6
302175.0,4,1,1,10000
302177.0,3,1,1,10000
302178.0,4,1,1,10000
302183.0,4,1,1,10000
302188.0,2,1,1,10000
302189.0,4,1,1,10000
302191.0,4,1,1,10000
302192.0,4,1,1,10000
302208.0,2,1,1,10000
302228.0,2,1,1,10000
302229.0,4,1,1,10000
302230.0,4,1,1,10000
302231.0,2,1,1,10000
302232.0,4,1,1,10000
302261.0,3,1,5,10000
302262.0,15,3,8,1
302263.0,15,3,8,1
302272.0,4,1,1,10000
302279.0,4,1,1,10000
302280.0,2,1,1,10000
302281.0,3,1,1,10000
302282.0,4,1,1,10000
302292.0,2,1,1,10000
302307.0,4,1,1,10000
302318.0,4,1,1,10000
302338.0,4,1,1,10000
302355.0,8,2,1,1
302356.0,8,2,1,1
302357.0,4,1,1,10000
302380.0,4,1,1,10000
302381.0,4,1,1,10000
302400.0,9,2,11,11
302401.0,3,1,1,10000
302406.0,3,1,1,10000
302417.0,4,1,1,10000
302418.0,4,1,2,10000
302419.0,4,1,1,10000
302423.0,4,1,1,10000
302450.0,4,1,1,10000
302451.0,4,1,1,10000
302470.0,2,1,1,10000
302504.0,4,1,1,10000
302508.0,4,1,2,10000
302509.0,2,1,1,10000
302511.0,2,1,1,10000
302519.0,4,1,1,10000
302521.0,4,1,1,10000
302530.0,4,1,3,10000
302544.0,4,1,1,10000
302546.0,4,1,1,10000
302564.0,4,1,1,10000
302570.0,3,1,2,10000
302581.0,7,2,12,12
302611.0,4,1,1,10000
302615.0,3,1,1,10000
302622.0,2,1,1,10000
302623.0,4,1,1,10000
302640.0,6,2,1,1
302641.0,4,1,1,10000
302651.0,4,1,1,10000
302652.0,3,1,1,10000
302653.0,4,1,1,10000
302660.0,4,1,1,10000
302661.0,4,1,1,10000
302688.0,6,2,1,1
302698.0,4,1,1,10000
302700.0,3,1,1,10000
302704.0,4,1,4,10000
302716.0,4,1,1,10000
302717.0,4,1,1,10000
302726.0,4,1,1,10000
302728.0,4,1,1,10000
302738.0,4,1,1,10000
302764.0,9,3,18,18
302766.0,2,1,1,10000
302767.0,62,15,21,1
302772.0,4,1,1,10000
302783.0,4,1,1,10000
302784.0,4,1,1,10000
302785.0,8,2,1,1
302786.0,4,1,1,10000
302787.0,4,1,1,10000
302829.0,4,1,1,10000
302831.0,4,1,1,10000
302863.0,4,1,1,10000
302864.0,4,1,1,10000
302868.0,2,1,1,10000
302892.0,4,1,1,10000
302904.0,4,1,1,10000
302919.0,4,1,1,10000
302924.0,13,3,8,2
302925.0,4,1,1,10000
302926.0,14,3,9,2
302927.0,15,3,5,2
302934.0,7,2,1,1
302935.0,4,1,1,10000
302943.0,4,1,1,10000
302944.0,32,9,10,6
302945.0,4,1,1,10000
302986.0,4,1,1,10000
302991.0,4,1,1,10000
302992.0,9,2,3,3
302993.0,4,1,3,10000
302994.0,9,2,7,7
302998.0,4,1,1,10000
303006.0,49,11,6,3
303007.0,4,1,1,10000
303008.0,4,1,1,10000
303012.0,4,1,3,10000
303041.0,4,1,1,10000
303050.0,3,1,1,10000
303051.0,4,1,1,10000
303092.0,4,1,1,10000
303099.0,5,2,1,1
303101.0,4,1,4,10000
303109.0,4,1,1,10000
303110.0,4,1,1,10000
303116.0,4,1,1,10000
303140.0,4,1,3,10000
303141.0,4,1,1,10000
303151.0,4,1,1,10000
303163.0,4,1,1,10000
303164.0,4,1,1,10000
303181.0,4,1,1,10000
303184.0,4,1,1,10000
303203.0,4,1,1,10000
303205.0,3,1,1,10000
303218.0,4,1,1,10000
303231.0,3,1,1,10000
303250.0,3,1,1,10000
303260.0,4,1,1,10000
303270.0,4,1,1,10000
303302.0,4,1,1,10000
303320.0,4,1,1,10000
303328.0,4,1,1,10000
303331.0,4,1,1,10000
303350.0,4,1,1,10000
303383.0,4,1,1,10000
303385.0,4,1,1,10000
303388.0,4,1,1,10000
303389.0,4,1,1,10000
303424.0,2,1,1,10000
303454.0,4,1,3,10000
303455.0,4,1,2,10000
303460.0,4,1,1,10000
303474.0,3,1,1,10000
303490.0,4,1,1,10000
303515.0,4,1,5,10000
303544.0,4,1,1,10000
303545.0,3,1,2,10000
303546.0,4,1,1,10000
303554.0,3,1,4,10000
303563.0,4,1,1,10000
303574.0,2,1,1,10000
303575.0,3,1,1,10000
303582.0,2,1,1,10000
303612.0,4,1,1,10000
303613.0,4,1,1,10000
303614.0,4,1,1,10000
303615.0,4,1,1,10000
303623.0,4,1,1,10000
303633.0,4,1,1,10000
303659.0,3,1,1,10000
303680.0,4,1,1,10000
303683.0,4,1,2,10000
303688.0,4,1,1,10000
303691.0,4,1,2,10000
303737.0,4,1,1,10000
303753.0,4,1,1,10000
303780.0,4,1,1,10000
303787.0,61,13,18,3
303799.0,4,1,1,10000
303800.0,3,1,1,10000
303804.0,4,1,1,10000
303816.0,4,1,1,10000
303817.0,3,1,1,10000
303841.0,4,1,1,10000
303858.0,4,1,1,10000
303859.0,4,1,1,10000
303882.0,3,1,1,10000
303883.0,3,1,1,10000
303918.0,4,1,1,10000
303921.0,4,1,1,10000
303954.0,4,1,1,10000
303955.0,4,1,1,10000
304011.0,4,1,1,10000
304013.0,4,1,1,10000
304019.0,4,1,1,10000
304029.0,4,1,1,10000
304038.0,3,1,1,10000
304040.0,4,1,1,10000
304080.0,8,2,1,1
304094.0,4,1,1,10000
304117.0,4,1,1,10000
304118.0,60,12,11,5
304128.0,4,1,1,10000
304146.0,4,1,1,10000
304172.0,4,1,1,10000
304174.0,3,1,1,10000
304179.0,4,1,1,10000
304181.0,4,1,1,10000
304212.0,4,1,1,10000
304214.0,4,1,1,10000
304217.0,4,1,1,10000
304228.0,4,1,1,10000
304229.0,4,1,6,10000
304230.0,4,1,1,10000
304231.0,4,1,1,10000
304232.0,4,1,1,10000
304247.0,4,1,1,10000
304249.0,4,1,1,10000
304250.0,4,1,1,10000
304251.0,4,1,4,10000
304263.0,2,1,1,10000
304272.0,3,1,1,10000
304273.0,3,1,1,10000
304274.0,4,1,1,10000
304292.0,4,1,1,10000
304304.0,4,1,3,10000
304330.0,4,1,1,10000
304339.0,4,1,1,10000
304353.0,4,1,1,10000
304377.0,3,1,1,10000
304395.0,4,1,1,10000
304396.0,4,1,1,10000
304411.0,4,1,1,10000
304413.0,4,1,1,10000
304414.0,4,1,1,10000
304440.0,3,1,1,10000
304467.0,4,1,1,10000
304468.0,3,1,1,10000
304493.0,4,1,1,10000
304496.0,3,1,1,10000
304504.0,4,1,1,10000
304505.0,8,2,21,21
304506.0,4,1,1,10000
304518.0,4,1,1,10000
304536.0,4,1,1,10000
304538.0,4,1,1,10000
304552.0,4,1,1,10000
304554.0,4,1,1,10000
304562.0,4,1,1,10000
304571.0,3,1,1,10000
304600.0,4,1,5,10000
304606.0,4,1,1,10000
304624.0,2,1,1,10000
304633.0,4,1,1,10000
304638.0,3,1,4,10000
304718.0,4,1,1,10000
304735.0,4,1,1,10000
304736.0,2,1,1,10000
304775.0,4,1,1,10000
304776.0,3,1,1,10000
304778.0,4,1,3,10000
304784.0,4,1,1,10000
304837.0,4,1,1,10000
315992.0,4,1,1,10000
315994.0,4,1,1,10000
316019.0,2,1,1,10000
316047.0,4,1,1,10000
316049.0,7,2,1,1
316050.0,6,2,1,1
316051.0,4,1,1,10000
316077.0,3,1,1,10000
316078.0,4,1,1,10000
316106.0,4,1,1,10000
316154.0,4,1,1,10000
316218.0,3,1,1,10000
316220.0,2,1,1,10000
316222.0,15,3,12,1
316230.0,6,2,1,1
316231.0,4,1,1,10000
316232.0,6,2,1,1
316262.0,4,1,1,10000
316281.0,2,1,1,10000
316282.0,4,1,1,10000
316291.0,4,1,1,10000
316292.0,4,1,1,10000
316294.0,4,1,4,10000
316295.0,4,1,1,10000
316338.0,8,2,1,1
316339.0,8,2,11,11
316340.0,4,1,1,10000
316341.0,5,2,56,56
316371.0,4,1,1,10000
316372.0,2,1,1,10000
316384.0,9,2,6,6
316385.0,4,1,1,10000
316386.0,4,1,1,10000
316388.0,7,2,1,1
316411.0,4,1,1,10000
316412.0,4,1,1,10000
316413.0,5,2,1,1
316414.0,3,1,1,10000
316416.0,5,2,1,1
316428.0,4,1,1,10000
316429.0,2,1,1,10000
316430.0,4,1,1,10000
316449.0,4,1,1,10000
316450.0,2,1,1,10000
316451.0,2,1,1,10000
316471.0,2,1,1,10000
316472.0,2,1,1,10000
316473.0,4,1,1,10000
316475.0,3,1,1,10000
316482.0,2,1,1,10000
316484.0,2,1,1,10000
316485.0,4,1,1,10000
316487.0,4,1,1,10000
316491.0,4,1,1,10000
316516.0,4,1,1,10000
316517.0,2,1,1,10000
316527.0,4,1,1,10000
316528.0,4,1,5,10000
316530.0,4,1,1,10000
316557.0,2,1,1,10000
316558.0,4,1,1,10000
316573.0,3,1,1,10000
316574.0,3,1,1,10000
316575.0,2,1,1,10000
316576.0,3,1,1,10000
316597.0,3,1,1,10000
316598.0,3,1,1,10000
316627.0,4,1,1,10000
316643.0,2,1,1,10000
316644.0,4,1,1,10000
316645.0,4,1,1,10000
316659.0,4,1,1,10000
316672.0,2,1,1,10000
316673.0,4,1,1,10000
316702.0,4,1,1,10000
316713.0,2,1,1,10000
316719.0,14,3,9,1
316724.0,4,1,1,10000
316750.0,4,1,1,10000
316773.0,4,1,1,10000
316804.0,2,1,1,10000
316822.0,4,1,1,10000
316823.0,8,2,1,1
316824.0,4,1,1,10000
316825.0,8,2,1,1
316826.0,4,1,1,10000
316833.0,4,1,1,10000
316843.0,4,1,1,10000
316844.0,4,1,1,10000
316845.0,4,1,1,10000
316876.0,4,1,1,10000
316886.0,2,1,1,10000
316896.0,4,1,1,10000
316897.0,4,1,2,10000
316898.0,4,1,1,10000
316918.0,2,1,1,10000
316930.0,4,1,1,10000
316945.0,4,1,1,10000
316946.0,4,1,1,10000
316947.0,4,1,1,10000
316951.0,3,1,1,10000
316957.0,4,1,1,10000
316958.0,4,1,1,10000
316960.0,3,1,1,10000
316983.0,4,1,1,10000
317003.0,4,1,1,10000
317004.0,4,1,1,10000
317017.0,4,2,1,1
317018.0,4,1,1,10000
317031.0,4,1,1,10000
317036.0,2,1,1,10000
317061.0,4,1,1,10000
317062.0,4,1,1,10000
317076.0,4,1,3,10000
317077.0,2,1,1,10000
317097.0,4,1,1,10000
317098.0,4,1,1,10000
317099.0,4,1,1,10000
317114.0,4,1,1,10000
317115.0,4,1,1,10000
317145.0,2,1,1,10000
317146.0,4,1,1,10000
317158.0,4,1,1,10000
317159.0,4,1,1,10000
317169.0,4,1,1,10000
317174.0,4,1,1,10000
317180.0,3,1,1,10000
317181.0,4,1,1,10000
317183.0,2,1,1,10000
317203.0,4,1,1,10000
317247.0,2,1,7,10000
317248.0,4,1,1,10000
317249.0,4,1,1,10000
317270.0,4,1,1,10000
317271.0,3,1,1,10000
317301.0,2,1,1,10000
317302.0,4,1,1,10000
317303.0,3,1,1,10000
317304.0,4,1,1,10000
317307.0,4,1,1,10000
317314.0,2,1,1,10000
317319.0,4,1,1,10000
317320.0,28,7,10,4
317321.0,46,10,15,6
317322.0,8,2,24,24
317353.0,4,1,1,10000
317354.0,2,1,1,10000
317355.0,4,1,1,10000
317357.0,4,1,1,10000
317370.0,5,2,41,41
317371.0,8,2,17,17
317374.0,3,1,1,10000
317376.0,4,1,1,10000
317400.0,4,1,1,10000
317401.0,3,1,1,10000
317427.0,3,1,1,10000
317444.0,4,1,1,10000
317445.0,4,1,1,10000
317462.0,4,1,1,10000
317484.0,4,1,2,10000
317492.0,4,1,1,10000
317509.0,4,1,3,10000
317534.0,3,1,1,10000
317536.0,4,1,1,10000
317537.0,4,1,1,10000
317552.0,4,1,1,10000
317553.0,4,1,1,10000
317568.0,4,1,1,10000
317577.0,4,1,1,10000
317582.0,4,1,1,10000
317642.0,4,1,1,10000
317668.0,4,1,3,10000
317671.0,3,1,1,10000
317684.0,3,1,1,10000
317717.0,4,1,1,10000
317720.0,4,1,1,10000
317748.0,4,1,1,10000
317749.0,4,1,1,10000
317764.0,4,1,1,10000
317765.0,4,1,1,10000
317766.0,4,1,1,10000
317782.0,4,1,1,10000
317796.0,4,1,2,10000
317806.0,4,1,1,10000
317820.0,4,1,1,10000
317850.0,4,1,4,10000
317851.0,4,1,1,10000
317860.0,4,1,1,10000
317863.0,4,1,1,10000
317885.0,4,1,1,10000
317894.0,4,1,1,10000
317895.0,4,1,1,10000
317907.0,4,1,1,10000
317908.0,4,1,1,10000
317922.0,8,2,19,19
317948.0,4,1,1,10000
317949.0,4,1,1,10000
317964.0,2,1,1,10000
317965.0,2,1,1,10000
317966.0,4,1,1,10000
318013.0,3,1,1,10000
318062.0,4,1,1,10000
318070.0,4,1,2,10000
318071.0,4,1,1,10000
318091.0,4,1,1,10000
318093.0,3,1,1,10000
318107.0,4,1,1,10000
318145.0,4,1,3,10000
318162.0,2,1,2,10000
318163.0,4,1,1,10000
318164.0,4,1,1,10000
318169.0,4,1,1,10000
318170.0,4,1,1,10000
318178.0,4,1,1,10000
318191.0,2,1,1,10000
318199.0,4,1,1,10000
318204.0,4,1,1,10000
318222.0,4,1,1,10000
318239.0,2,1,1,10000
318241.0,4,1,1,10000
318262.0,4,1,3,10000
318266.0,4,1,1,10000
318329.0,4,1,1,10000
318349.0,4,1,1,10000
318352.0,4,1,1,10000
318402.0,4,1,1,10000
318427.0,2,1,1,10000
318452.0,4,1,5,10000
318453.0,4,1,1,10000
318464.0,4,1,2,10000
318470.0,3,1,1,10000
318472.0,4,1,1,10000
318510.0,4,1,1,10000
318511.0,7,2,3,3
318512.0,4,1,1,10000
318516.0,3,1,1,10000
318539.0,4,1,4,10000
318553.0,4,1,1,10000
318564.0,4,1,1,10000
318571.0,4,1,1,10000
318577.0,2,1,1,10000
318658.0,3,1,1,10000
318659.0,2,1,1,10000
318660.0,3,1,1,10000
318682.0,4,1,1,10000
318684.0,2,1,1,10000
318698.0,4,1,1,10000
318730.0,4,1,2,10000
318761.0,3,1,1,10000
318762.0,4,1,1,10000
318781.0,4,1,1,10000
318811.0,4,1,1,10000
318812.0,4,1,1,10000
318844.0,4,1,1,10000
318846.0,4,1,1,10000
318869.0,4,1,1,10000
318881.0,2,1,1,10000
318883.0,4,1,1,10000
318884.0,4,1,1,10000
318913.0,3,1,1,10000
318914.0,4,1,1,10000
318946.0,3,1,1,10000
318956.0,4,1,1,10000
318975.0,4,1,1,10000
318985.0,3,1,1,10000
318986.0,3,1,1,10000
319019.0,2,1,1,10000
319040.0,4,1,3,10000
319041.0,6,2,19,19
319045.0,3,1,1,10000
319070.0,4,1,1,10000
319117.0,3,1,1,10000
319125.0,4,1,3,10000
319129.0,4,1,1,10000
319141.0,4,1,1,10000
319143.0,3,1,1,10000
319144.0,4,1,1,10000
319166.0,4,1,1,10000
319167.0,4,1,1,10000
319188.0,3,1,1,10000
319209.0,4,1,6,10000
319225.0,4,1,1,10000
319227.0,4,1,1,10000
319238.0,4,1,1,10000
319239.0,4,1,1,10000
319240.0,4,1,1,10000
330461.0,4,1,1,10000
330503.0,4,1,1,10000
330505.0,4,1,1,10000
330550.0,2,1,1,10000
330593.0,4,1,1,10000
330602.0,4,1,1,10000
330603.0,4,1,1,10000
330667.0,4,1,1,10000
330673.0,3,1,1,10000
330677.0,4,1,2,10000
330678.0,4,1,1,10000
330686.0,4,1,1,10000
330687.0,3,1,1,10000
330689.0,4,1,1,10000
330707.0,4,1,1,10000
330714.0,4,1,1,10000
330715.0,6,2,1,1
330716.0,4,1,1,10000
330717.0,4,1,1,10000
330718.0,4,1,1,10000
330719.0,10,2,8,8
330721.0,4,1,1,10000
330723.0,4,1,1,10000
330744.0,2,1,1,10000
330752.0,4,1,1,10000
330781.0,4,1,1,10000
330782.0,2,1,1,10000
330791.0,3,1,1,10000
330792.0,3,1,1,10000
330793.0,3,1,1,10000
330819.0,3,1,5,10000
330820.0,3,1,1,10000
330841.0,6,2,2,2
330842.0,10,3,14,1
330843.0,2,1,1,10000
330845.0,2,1,1,10000
330846.0,4,1,1,10000
330847.0,4,1,1,10000
330869.0,2,1,1,10000
330874.0,2,1,1,10000
330875.0,2,1,1,10000
330876.0,3,1,1,10000
330883.0,4,1,1,10000
330884.0,4,1,1,10000
330886.0,3,1,1,10000
330887.0,4,1,1,10000
330888.0,4,1,1,10000
330906.0,4,1,1,10000
330907.0,4,1,1,10000
330908.0,4,1,1,10000
330909.0,4,1,1,10000
330928.0,4,1,1,10000
330944.0,4,1,3,10000
330954.0,9,2,19,19
330955.0,8,2,1,1
330956.0,2,1,3,10000
330957.0,4,1,1,10000
330975.0,2,1,1,10000
330989.0,4,1,1,10000
330990.0,7,2,3,3
331000.0,2,1,1,10000
331002.0,2,1,1,10000
331016.0,4,1,1,10000
331017.0,2,1,1,10000
331024.0,4,1,1,10000
331026.0,3,1,1,10000
331029.0,2,1,1,10000
331055.0,10,2,6,6
331056.0,4,1,1,10000
331068.0,2,1,1,10000
331076.0,7,2,18,18
331078.0,6,2,24,24
331085.0,7,2,1,1
331087.0,4,1,1,10000
331092.0,4,1,1,10000
331094.0,4,2,1,1
331095.0,4,1,1,10000
331098.0,2,1,1,10000
331121.0,4,1,1,10000
331122.0,4,1,1,10000
331138.0,4,1,1,10000
331139.0,2,1,1,10000
331163.0,10,2,7,7
331164.0,10,2,4,4
331165.0,4,1,1,10000
331182.0,4,1,1,10000
331209.0,4,1,1,10000
331210.0,4,1,4,10000
331211.0,4,1,1,10000
331213.0,4,1,1,10000
331214.0,4,1,1,10000
331233.0,4,1,1,10000
331234.0,4,1,1,10000
331235.0,4,1,1,10000
331252.0,4,1,1,10000
331253.0,4,1,1,10000
331273.0,4,1,1,10000
331274.0,4,1,3,10000
331275.0,4,1,1,10000
331295.0,4,1,1,10000
331318.0,4,1,1,10000
331325.0,4,1,1,10000
331326.0,4,1,1,10000
331332.0,3,1,1,10000
331348.0,4,1,1,10000
331350.0,4,1,1,10000
331358.0,3,1,1,10000
331371.0,7,2,15,15
331372.0,4,1,1,10000
331373.0,4,1,1,10000
331374.0,4,1,1,10000
331376.0,4,1,1,10000
331377.0,4,1,1,10000
331378.0,2,1,2,10000
331379.0,4,1,1,10000
331396.0,3,1,1,10000
331399.0,4,1,1,10000
331400.0,4,1,3,10000
331422.0,3,1,1,10000
331446.0,4,1,2,10000
331454.0,4,1,1,10000
331464.0,3,1,1,10000
331485.0,4,1,1,10000
331486.0,4,1,2,10000
331487.0,4,1,1,10000
331501.0,4,1,1,10000
331502.0,4,1,1,10000
331504.0,4,1,1,10000
331520.0,4,1,1,10000
331545.0,4,1,2,10000
331552.0,3,1,1,10000
331553.0,4,1,1,10000
331558.0,4,1,3,10000
331636.0,4,1,1,10000
331637.0,4,1,1,10000
331651.0,3,1,1,10000
331653.0,8,2,13,13
331654.0,9,2,10,10
331657.0,4,1,1,10000
331672.0,4,1,1,10000
331677.0,4,1,1,10000
331678.0,4,1,1,10000
331714.0,4,1,1,10000
331739.0,4,1,1,10000
331766.0,2,1,1,10000
331767.0,2,1,1,10000
331773.0,3,1,1,10000
331790.0,3,1,1,10000
331793.0,4,1,1,10000
331801.0,7,2,23,23
331802.0,4,1,1,10000
331844.0,4,1,1,10000
331908.0,4,1,1,10000
331910.0,4,1,1,10000
331912.0,3,1,1,10000
331917.0,4,1,1,10000
331918.0,2,1,1,10000
331926.0,4,1,1,10000
331929.0,4,1,1,10000
331941.0,4,1,1,10000
331943.0,4,1,1,10000
331964.0,3,1,8,10000
332007.0,4,1,1,10000
332015.0,4,1,1,10000
332019.0,3,1,1,10000
332020.0,4,1,1,10000
332021.0,3,1,3,10000
332037.0,4,1,3,10000
332039.0,4,1,1,10000
332058.0,4,1,1,10000
332087.0,3,1,1,10000
332111.0,3,1,1,10000
332119.0,4,1,1,10000
332123.0,42,9,21,13
332124.0,4,1,1,10000
332126.0,3,1,1,10000
332143.0,8,2,18,18
332146.0,3,1,1,10000
332159.0,9,2,17,17
332160.0,4,1,1,10000
332161.0,4,1,1,10000
332173.0,4,1,1,10000
332174.0,4,1,1,10000
332177.0,4,1,1,10000
332197.0,4,1,1,10000
332234.0,4,1,1,10000
332242.0,4,1,1,10000
332243.0,4,1,1,10000
332247.0,4,1,3,10000
332262.0,4,1,1,10000
332272.0,4,1,1,10000
332273.0,4,1,1,10000
332275.0,4,1,1,10000
332292.0,4,1,1,10000
332324.0,4,1,3,10000
332327.0,4,1,1,10000
332358.0,3,1,1,10000
332361.0,4,1,3,10000
332362.0,2,1,1,10000
332369.0,2,1,1,10000
332370.0,4,1,1,10000
332389.0,4,1,1,10000
332442.0,4,1,1,10000
332453.0,3,1,4,10000
332454.0,4,1,5,10000
332469.0,3,1,1,10000
332470.0,3,1,1,10000
332471.0,4,1,1,10000
332480.0,4,1,1,10000
332481.0,3,1,1,10000
332492.0,4,1,1,10000
332502.0,4,1,1,10000
332513.0,3,1,1,10000
332521.0,10,2,19,19
332523.0,4,1,1,10000
332525.0,4,1,1,10000
332526.0,2,1,1,10000
332544.0,2,1,3,10000
332545.0,4,1,1,10000
332567.0,4,1,3,10000
332568.0,4,1,1,10000
332593.0,4,1,1,10000
332594.0,4,1,1,10000
332599.0,4,1,1,10000
332600.0,4,1,1,10000
332601.0,3,1,1,10000
332603.0,4,1,1,10000
332617.0,4,1,1,10000
332642.0,4,1,1,10000
332661.0,3,1,1,10000
332662.0,4,1,3,10000
332664.0,4,1,1,10000
332667.0,4,1,1,10000
332678.0,4,1,1,10000
332700.0,2,1,1,10000
332704.0,4,1,4,10000
332705.0,4,1,1,10000
332708.0,4,1,1,10000
332757.0,4,1,1,10000
332759.0,4,1,1,10000
332804.0,4,1,1,10000
332837.0,2,1,1,10000
332917.0,4,1,1,10000
332942.0,2,1,1,10000
332944.0,2,1,3,10000
332946.0,3,1,1,10000
332954.0,4,1,1,10000
332955.0,4,1,1,10000
332956.0,3,1,1,10000
332969.0,4,1,3,10000
332974.0,3,1,1,10000
333011.0,4,1,1,10000
333052.0,4,1,1,10000
333089.0,4,1,1,10000
333095.0,4,1,3,10000
333096.0,3,1,1,10000
333101.0,3,1,2,10000
333117.0,4,1,1,10000
333119.0,4,1,1,10000
333156.0,4,1,1,10000
333176.0,3,1,1,10000
333181.0,3,1,1,10000
333201.0,4,1,1,10000
333231.0,3,1,1,10000
333232.0,4,1,1,10000
333259.0,3,1,1,10000
333274.0,3,1,1,10000
333290.0,4,1,1,10000
333291.0,4,1,3,10000
333316.0,3,1,1,10000
333317.0,4,1,3,10000
333329.0,3,1,1,10000
333358.0,4,1,1,10000
333359.0,3,1,1,10000
333360.0,4,1,3,10000
333361.0,2,1,1,10000
333398.0,4,1,1,10000
333401.0,3,1,1,10000
333409.0,2,1,1,10000
333411.0,3,1,1,10000
333433.0,2,1,1,10000
333434.0,2,1,1,10000
333435.0,3,1,4,10000
333479.0,2,1,1,10000
333480.0,3,1,1,10000
333493.0,3,1,1,10000
333506.0,2,1,1,10000
333510.0,3,1,1,10000
333548.0,2,1,1,10000
333564.0,3,1,4,10000
333627.0,4,1,2,10000
343918.0,8,2,1,1
343919.0,4,1,1,10000
343920.0,4,1,1,10000
343921.0,2,1,1,10000
343923.0,6,2,2,2
343924.0,4,1,1,10000
343951.0,2,1,1,10000
343981.0,4,1,1,10000
343983.0,4,1,2,10000
344008.0,4,1,1,10000
344009.0,4,1,1,10000
344022.0,7,2,1,1
344023.0,7,2,1,1
344052.0,4,1,1,10000
344076.0,2,1,1,10000
344080.0,3,1,1,10000
344100.0,4,1,1,10000
344125.0,8,2,14,14
344133.0,4,1,1,10000
344135.0,3,1,1,10000
344138.0,4,1,1,10000
344139.0,4,1,1,10000
344161.0,4,1,1,10000
344162.0,2,1,1,10000
344163.0,2,1,1,10000
344164.0,4,1,1,10000
344165.0,4,1,1,10000
344183.0,7,2,6,6
344184.0,4,1,1,10000
344192.0,2,1,1,10000
344193.0,4,1,1,10000
344216.0,4,1,1,10000
344217.0,4,1,1,10000
344218.0,8,2,20,20
344222.0,3,1,1,10000
344223.0,2,1,1,10000
344227.0,4,1,1,10000
344229.0,3,1,1,10000
344233.0,3,1,1,10000
344237.0,54,10,11,5
344238.0,13,3,10,5
344239.0,8,2,18,18
344240.0,2,1,1,10000
344242.0,2,1,1,10000
344243.0,4,1,4,10000
344261.0,9,2,21,21
344264.0,6,2,5,5
344265.0,4,1,1,10000
344267.0,4,1,1,10000
344288.0,2,1,1,10000
344290.0,8,2,6,6
344291.0,4,1,1,10000
344311.0,4,1,1,10000
344312.0,4,1,1,10000
344322.0,4,1,1,10000
344325.0,3,1,1,10000
344331.0,4,1,1,10000
344333.0,2,1,1,10000
344356.0,3,1,1,10000
344359.0,3,1,1,10000
344360.0,4,1,1,10000
344380.0,4,1,3,10000
344381.0,7,2,1,1
344382.0,7,2,1,1
344384.0,2,1,1,10000
344411.0,8,2,13,13
344422.0,6,2,1,1
344457.0,4,1,1,10000
344458.0,4,1,1,10000
344459.0,3,1,1,10000
344478.0,4,1,1,10000
344479.0,1,1,2,10000
344482.0,2,1,1,10000
344492.0,4,1,1,10000
344493.0,4,1,1,10000
344514.0,8,2,28,28
344521.0,4,1,1,10000
344533.0,4,1,1,10000
344555.0,6,2,1,1
344556.0,4,1,1,10000
344557.0,16,4,10,3
344559.0,6,2,1,1
344560.0,3,1,1,10000
344582.0,4,1,1,10000
344584.0,4,1,1,10000
344600.0,4,1,1,10000
344606.0,4,1,1,10000
344614.0,2,1,1,10000
344618.0,4,1,1,10000
344631.0,4,1,2,10000
344633.0,4,1,1,10000
344657.0,4,1,1,10000
344671.0,4,1,1,10000
344686.0,4,1,1,10000
344695.0,2,1,1,10000
344711.0,7,2,18,18
344716.0,4,1,1,10000
344717.0,4,1,1,10000
344722.0,4,1,3,10000
344741.0,4,1,1,10000
344746.0,4,1,1,10000
344754.0,4,1,1,10000
344755.0,3,1,1,10000
344756.0,8,2,15,15
344780.0,3,1,1,10000
344781.0,4,1,1,10000
344805.0,4,1,1,10000
344807.0,4,1,1,10000
344808.0,2,1,1,10000
344809.0,4,1,1,10000
344812.0,4,1,1,10000
344814.0,3,1,1,10000
344835.0,2,1,1,10000
344838.0,4,1,1,10000
344842.0,4,1,1,10000
344843.0,3,1,1,10000
344851.0,6,2,3,3
344876.0,4,1,1,10000
344904.0,4,1,1,10000
344931.0,11,2,6,6
344944.0,4,1,1,10000
344945.0,4,1,1,10000
344946.0,3,1,1,10000
344961.0,34,6,17,5
344985.0,8,2,1,1
344988.0,8,2,1,1
345006.0,4,1,1,10000
345027.0,4,1,1,10000
345028.0,3,1,2,10000
345049.0,4,1,1,10000
345063.0,4,1,1,10000
345079.0,8,2,22,22
345084.0,3,1,1,10000
345090.0,3,1,1,10000
345096.0,2,1,1,10000
345097.0,4,1,1,10000
345100.0,3,1,1,10000
345128.0,4,1,2,10000
345129.0,4,1,1,10000
345130.0,4,1,1,10000
345158.0,4,1,1,10000
345181.0,4,1,1,10000
345183.0,4,1,1,10000
345197.0,4,1,1,10000
345207.0,4,1,1,10000
345208.0,4,1,3,10000
345209.0,4,1,1,10000
345210.0,4,1,1,10000
345211.0,4,1,1,10000
345241.0,4,1,1,10000
345242.0,4,1,1,10000
345258.0,4,1,1,10000
345266.0,4,1,1,10000
345267.0,4,1,1,10000
345268.0,3,1,1,10000
345269.0,4,1,1,10000
345270.0,2,1,1,10000
345271.0,4,1,1,10000
345295.0,4,1,1,10000
345314.0,4,1,1,10000
345315.0,4,1,1,10000
345316.0,4,1,1,10000
345362.0,4,1,1,10000
345363.0,4,1,2,10000
345364.0,4,1,1,10000
345382.0,4,1,3,10000
345383.0,4,1,1,10000
345409.0,4,1,1,10000
345430.0,4,1,1,10000
345446.0,3,1,1,10000
345448.0,3,1,1,10000
345479.0,4,1,1,10000
345480.0,3,1,3,10000
345481.0,3,1,1,10000
345526.0,4,1,1,10000
345527.0,4,1,1,10000
345528.0,4,1,1,10000
345556.0,2,1,1,10000
345575.0,4,1,1,10000
345588.0,4,1,1,10000
345609.0,4,1,1,10000
345613.0,3,1,7,10000
345615.0,4,1,3,10000
345616.0,4,1,1,10000
345617.0,3,1,2,10000
345648.0,3,1,1,10000
345649.0,4,1,2,10000
345651.0,4,1,1,10000
345700.0,4,1,3,10000
345701.0,8,2,1,1
345725.0,7,2,8,8
345728.0,4,1,2,10000
345742.0,4,1,1,10000
345755.0,45,10,15,1
345758.0,4,1,1,10000
345803.0,4,1,1,10000
345808.0,4,1,1,10000
345810.0,4,1,1,10000
345855.0,4,1,1,10000
345872.0,3,1,1,10000
345873.0,4,1,1,10000
345902.0,4,1,1,10000
345903.0,4,1,1,10000
345919.0,3,1,1,10000
345920.0,8,2,1,1
345922.0,8,2,4,4
345923.0,4,1,1,10000
345927.0,3,1,1,10000
345967.0,2,1,1,10000
345968.0,4,1,1,10000
345969.0,4,1,1,10000
345970.0,3,1,1,10000
345998.0,4,1,1,10000
346022.0,4,1,1,10000
346023.0,7,2,23,23
346086.0,4,1,1,10000
346104.0,4,1,6,10000
346119.0,4,1,1,10000
346133.0,3,1,1,10000
346145.0,4,1,8,10000
346148.0,4,1,1,10000
346153.0,7,2,17,17
346156.0,4,1,1,10000
346157.0,4,1,1,10000
346165.0,4,1,1,10000
346166.0,4,1,1,10000
346170.0,4,1,1,10000
346261.0,2,1,1,10000
346287.0,4,1,1,10000
346316.0,3,1,1,10000
346317.0,3,1,1,10000
346331.0,4,1,1,10000
346351.0,10,2,17,17
346361.0,4,1,1,10000
346362.0,4,1,1,10000
346363.0,4,1,1,10000
346364.0,4,1,1,10000
346382.0,4,1,3,10000
346393.0,3,1,1,10000
346394.0,3,1,1,10000
346401.0,4,1,1,10000
346425.0,3,1,1,10000
346426.0,4,1,1,10000
346451.0,3,1,1,10000
346453.0,4,1,1,10000
346468.0,4,1,1,10000
346469.0,4,1,1,10000
346483.0,3,1,1,10000
346489.0,4,1,1,10000
346513.0,4,1,1,10000
346514.0,4,1,1,10000
346534.0,3,1,1,10000
346535.0,3,1,1,10000
346536.0,3,1,1,10000
346554.0,4,1,1,10000
346575.0,4,1,1,10000
346577.0,7,2,17,17
346604.0,4,1,1,10000
346637.0,4,1,1,10000
346646.0,4,1,1,10000
346647.0,4,1,3,10000
346668.0,2,1,1,10000
346670.0,4,1,1,10000
346682.0,3,1,1,10000
346709.0,2,1,1,10000
346731.0,4,1,1,10000
346732.0,3,1,1,10000
346760.0,3,1,1,10000
346761.0,4,1,1,10000
346780.0,3,1,1,10000
346781.0,4,1,2,10000
346782.0,3,1,1,10000
346788.0,3,1,1,10000
346789.0,4,1,1,10000
346858.0,3,1,1,10000
346882.0,3,1,1,10000
358659.0,4,1,1,10000
358666.0,4,1,1,10000
358667.0,7,2,1,1
358671.0,7,2,1,1
358672.0,4,1,1,10000
358712.0,4,1,1,10000
358733.0,4,1,1,10000
358765.0,4,1,1,10000
358767.0,4,1,1,10000
358769.0,2,1,1,10000
358801.0,3,1,1,10000
358802.0,4,1,1,10000
358813.0,4,1,1,10000
358905.0,4,1,1,10000
358912.0,41,10,14,1
358913.0,40,10,14,1
358931.0,3,1,1,10000
358946.0,4,1,1,10000
358967.0,7,2,52,52
359003.0,9,2,7,7
359005.0,10,2,17,17
359008.0,4,1,1,10000
359037.0,2,1,1,10000
359043.0,2,1,1,10000
359045.0,4,1,1,10000
359051.0,4,1,1,10000
359053.0,4,1,1,10000
359054.0,4,1,1,10000
359055.0,2,1,1,10000
359076.0,4,1,1,10000
359077.0,6,2,1,1
359078.0,6,2,2,2
359082.0,6,2,1,1
359107.0,2,1,1,10000
359118.0,4,1,1,10000
359120.0,4,1,1,10000
359121.0,4,1,1,10000
359123.0,2,1,1,10000
359140.0,4,1,1,10000
359144.0,4,1,1,10000
359145.0,4,1,1,10000
359153.0,9,3,1,1
359154.0,4,1,1,10000
359156.0,4,1,1,10000
359157.0,2,1,1,10000
359158.0,4,1,1,10000
359159.0,9,3,2,1
359160.0,2,1,1,10000
359181.0,4,1,1,10000
359182.0,3,1,1,10000
359183.0,4,1,1,10000
359199.0,4,1,1,10000
359200.0,3,1,1,10000
359213.0,4,1,1,10000
359216.0,4,1,1,10000
359249.0,4,1,1,10000
359255.0,3,1,1,10000
359257.0,3,1,1,10000
359258.0,4,1,1,10000
359259.0,4,1,1,10000
359272.0,4,1,1,10000
359282.0,4,1,1,10000
359284.0,2,1,1,10000
359286.0,4,1,1,10000
359302.0,2,1,1,10000
359303.0,4,1,1,10000
359313.0,4,1,1,10000
359314.0,4,1,1,10000
359334.0,4,1,1,10000
359344.0,2,1,1,10000
359345.0,4,1,1,10000
359346.0,4,1,1,10000
359348.0,4,1,1,10000
359373.0,4,1,1,10000
359392.0,3,1,3,10000
359394.0,2,1,1,10000
359403.0,4,1,1,10000
359407.0,4,1,1,10000
359415.0,4,1,1,10000
359416.0,4,1,1,10000
359444.0,4,1,1,10000
359447.0,4,1,1,10000
359489.0,4,1,1,10000
359490.0,3,1,1,10000
359512.0,4,1,1,10000
359513.0,9,2,8,8
359524.0,4,1,1,10000
359525.0,8,2,24,24
359526.0,4,1,1,10000
359537.0,3,1,1,10000
359538.0,4,1,1,10000
359566.0,3,1,1,10000
359572.0,4,1,1,10000
359584.0,5,2,26,26
359585.0,4,1,6,10000
359610.0,4,1,2,10000
359612.0,4,1,1,10000
359621.0,4,1,2,10000
359638.0,3,1,1,10000
359643.0,4,1,1,10000
359648.0,4,1,1,10000
359650.0,3,1,1,10000
359652.0,3,1,1,10000
359653.0,4,1,1,10000
359654.0,3,1,1,10000
359656.0,4,1,1,10000
359675.0,3,1,1,10000
359676.0,4,1,1,10000
359681.0,3,1,1,10000
359682.0,4,1,1,10000
359683.0,4,1,3,10000
359707.0,4,1,3,10000
359708.0,9,2,12,12
359711.0,9,2,2,2
359736.0,3,1,1,10000
359754.0,4,1,1,10000
359774.0,3,1,1,10000
359777.0,4,1,1,10000
359787.0,4,1,1,10000
359788.0,4,1,1,10000
359789.0,3,1,1,10000
359813.0,4,1,1,10000
359816.0,4,1,1,10000
359840.0,4,1,1,10000
359842.0,4,1,1,10000
359851.0,4,1,1,10000
359869.0,3,1,1,10000
359885.0,2,1,1,10000
359894.0,4,1,1,10000
359895.0,2,1,1,10000
359897.0,4,1,1,10000
359931.0,4,1,1,10000
359932.0,2,1,1,10000
359934.0,4,1,1,10000
359952.0,4,1,1,10000
359964.0,2,1,1,10000
359969.0,4,1,1,10000
359970.0,4,1,3,10000
359971.0,2,1,1,10000
359979.0,55,13,9,2
359998.0,3,1,1,10000
360000.0,3,1,2,10000
360002.0,4,1,1,10000
360037.0,4,1,1,10000
360038.0,3,1,1,10000
360044.0,4,1,1,10000
360068.0,4,1,1,10000
360069.0,4,1,1,10000
360105.0,3,1,1,10000
360106.0,3,1,1,10000
360109.0,4,1,1,10000
360128.0,4,1,1,10000
360129.0,4,1,4,10000
360147.0,2,1,1,10000
360148.0,2,1,1,10000
360160.0,4,1,3,10000
360187.0,4,1,1,10000
360214.0,4,1,1,10000
360234.0,4,1,1,10000
360235.0,4,1,1,10000
360244.0,4,1,1,10000
360245.0,8,2,21,21
360246.0,4,1,1,10000
360247.0,4,1,1,10000
360248.0,4,1,5,10000
360251.0,5,2,1,1
360252.0,4,1,1,10000
360253.0,4,1,2,10000
360268.0,4,1,2,10000
360269.0,4,1,1,10000
360270.0,4,1,1,10000
360272.0,3,1,1,10000
360273.0,4,1,1,10000
360274.0,3,1,1,10000
360279.0,8,2,19,19
360299.0,9,2,22,22
360300.0,17,3,9,1
360301.0,4,1,1,10000
360302.0,7,2,21,21
360328.0,4,1,1,10000
360338.0,13,3,22,6
360339.0,13,3,24,3
360340.0,17,3,9,1
360342.0,41,9,10,2
360343.0,9,2,3,3
360363.0,4,1,1,10000
360364.0,4,1,1,10000
360368.0,4,1,1,10000
360369.0,4,1,1,10000
360406.0,3,1,1,10000
360431.0,4,1,3,10000
360432.0,3,1,1,10000
360446.0,2,1,1,10000
360447.0,2,1,4,10000
360506.0,2,1,2,10000
360520.0,4,1,1,10000
360521.0,4,1,1,10000
360589.0,4,1,1,10000
360590.0,4,1,1,10000
360591.0,4,1,1,10000
360611.0,3,1,1,10000
360612.0,3,1,1,10000
360630.0,7,2,54,54
360631.0,4,1,3,10000
360697.0,4,1,2,10000
360724.0,4,1,2,10000
360725.0,4,1,1,10000
360726.0,4,1,3,10000
360728.0,4,1,1,10000
360758.0,3,1,1,10000
360810.0,3,1,1,10000
360811.0,4,1,1,10000
360858.0,4,1,1,10000
360861.0,4,1,1,10000
360866.0,4,1,3,10000
360867.0,4,1,3,10000
360883.0,4,1,1,10000
360884.0,3,1,2,10000
360885.0,4,1,1,10000
360906.0,4,1,2,10000
360907.0,4,1,3,10000
360908.0,4,1,1,10000
360929.0,4,1,1,10000
360933.0,4,1,1,10000
360964.0,3,1,1,10000
360977.0,4,1,1,10000
360978.0,4,1,1,10000
360980.0,4,1,1,10000
361006.0,3,1,1,10000
361007.0,4,1,3,10000
361034.0,3,1,1,10000
361035.0,7,2,22,22
361047.0,4,1,1,10000
361086.0,2,1,1,10000
361087.0,8,2,30,30
361103.0,4,1,1,10000
361105.0,4,1,1,10000
361133.0,4,1,1,10000
361134.0,3,1,1,10000
361175.0,4,1,1,10000
361186.0,3,1,1,10000
361198.0,4,1,1,10000
361218.0,4,1,1,10000
361219.0,4,1,1,10000
361220.0,4,1,1,10000
361279.0,3,1,1,10000
361280.0,4,1,1,10000
361347.0,4,1,3,10000
361363.0,4,1,1,10000
361365.0,4,1,1,10000
361384.0,4,1,1,10000
361392.0,4,1,1,10000
361436.0,4,1,1,10000
361449.0,4,1,1,10000
361476.0,4,1,1,10000
361509.0,4,1,1,10000
361516.0,4,1,1,10000
361526.0,4,1,1,10000
361528.0,3,1,1,10000
361555.0,4,1,1,10000
361562.0,8,2,16,16
361563.0,4,1,1,10000
361564.0,4,1,1,10000
361597.0,4,1,1,10000
361599.0,4,1,4,10000
361601.0,4,1,1,10000
361602.0,4,1,1,10000
361630.0,2,1,1,10000
361632.0,4,1,1,10000
361653.0,3,1,1,10000
361656.0,3,1,1,10000
361682.0,4,1,1,10000
361684.0,4,1,1,10000
361688.0,3,1,1,10000
361689.0,5,2,1,1
361691.0,4,1,1,10000
361696.0,3,1,1,10000
361697.0,4,1,1,10000
361698.0,2,1,1,10000
361700.0,4,1,1,10000
361722.0,4,1,1,10000
361723.0,7,2,52,52
361752.0,3,1,1,10000
361763.0,4,1,7,10000
361767.0,4,1,5,10000
361797.0,4,1,1,10000
361814.0,4,1,3,10000
361816.0,3,1,1,10000
361855.0,4,1,1,10000
361856.0,4,1,1,10000
361891.0,3,1,1,10000
361915.0,4,1,1,10000
361917.0,4,1,1,10000
361984.0,2,1,1,10000
361994.0,3,1,1,10000
362023.0,4,1,6,10000
362054.0,4,1,1,10000
362056.0,4,1,1,10000
362099.0,4,1,3,10000
372467.0,4,1,1,10000
372468.0,4,1,1,10000
372469.0,4,1,1,10000
372491.0,4,1,1,10000
372510.0,4,1,1,10000
372552.0,3,1,1,10000
372580.0,3,1,1,10000
372633.0,2,1,1,10000
372636.0,4,1,6,10000
372643.0,4,1,1,10000
372645.0,4,1,1,10000
372647.0,2,1,1,10000
372667.0,3,1,1,10000
372679.0,4,1,1,10000
372680.0,4,1,1,10000
372682.0,2,1,1,10000
372683.0,4,1,1,10000
372732.0,4,1,1,10000
372736.0,4,1,1,10000
372754.0,4,1,1,10000
372779.0,4,1,1,10000
372780.0,3,1,1,10000
372781.0,4,1,1,10000
372792.0,3,1,1,10000
372799.0,4,1,1,10000
372804.0,50,9,12,2
372820.0,4,1,1,10000
372826.0,4,1,1,10000
372849.0,4,1,1,10000
372862.0,6,2,7,7
372863.0,9,2,9,9
372865.0,4,1,1,10000
372878.0,4,1,1,10000
372880.0,4,1,1,10000
372893.0,4,1,1,10000
372894.0,4,1,2,10000
372912.0,11,2,18,18
372913.0,4,1,1,10000
372917.0,29,6,9,5
372918.0,4,1,1,10000
372919.0,4,1,1,10000
372920.0,4,1,1,10000
372930.0,3,1,1,10000
372931.0,11,2,20,20
372938.0,4,1,5,10000
372939.0,4,1,1,10000
372940.0,4,1,1,10000
372951.0,4,1,1,10000
372952.0,2,1,2,10000
372953.0,4,1,1,10000
372958.0,2,1,1,10000
372976.0,3,1,1,10000
372983.0,8,2,20,20
372997.0,4,1,1,10000
373020.0,7,2,5,5
373021.0,4,1,3,10000
373023.0,4,1,1,10000
373024.0,4,1,1,10000
373038.0,4,1,1,10000
373040.0,3,1,1,10000
373045.0,3,1,1,10000
373046.0,3,1,1,10000
373050.0,8,2,9,9
373053.0,4,1,1,10000
373054.0,4,1,1,10000
373055.0,4,1,1,10000
373056.0,3,1,1,10000
373072.0,4,1,1,10000
373080.0,4,1,1,10000
373082.0,5,2,1,1
373083.0,7,2,1,1
373085.0,3,1,1,10000
373086.0,7,2,1,1
373096.0,4,1,1,10000
373108.0,4,1,1,10000
373126.0,4,1,1,10000
373131.0,4,1,1,10000
373132.0,4,1,1,10000
373133.0,4,1,1,10000
373134.0,4,1,1,10000
373141.0,4,1,1,10000
373142.0,4,1,1,10000
373143.0,3,1,1,10000
373152.0,2,1,1,10000
373153.0,4,1,1,10000
373154.0,4,1,1,10000
373158.0,4,1,1,10000
373161.0,2,1,1,10000
373183.0,9,2,22,22
373184.0,4,1,1,10000
373201.0,3,1,1,10000
373202.0,2,1,1,10000
373219.0,3,1,1,10000
373220.0,2,1,1,10000
373221.0,4,1,1,10000
373230.0,3,1,1,10000
373233.0,2,1,1,10000
373234.0,2,1,1,10000
373248.0,4,1,1,10000
373249.0,4,1,1,10000
373290.0,2,1,3,10000
373291.0,4,1,1,10000
373294.0,4,1,1,10000
373301.0,4,1,1,10000
373302.0,4,1,1,10000
373303.0,2,1,1,10000
373325.0,4,1,1,10000
373326.0,4,1,1,10000
373334.0,4,1,1,10000
373335.0,4,1,1,10000
373336.0,3,1,1,10000
373337.0,4,1,2,10000
373338.0,3,1,1,10000
373340.0,4,1,1,10000
373341.0,4,1,1,10000
373345.0,4,1,1,10000
373346.0,4,1,1,10000
373360.0,4,1,1,10000
373361.0,4,1,3,10000
373362.0,3,1,1,10000
373365.0,4,1,1,10000
373373.0,4,1,1,10000
373374.0,4,1,1,10000
373375.0,4,1,1,10000
373378.0,4,1,1,10000
373396.0,4,1,1,10000
373403.0,6,2,1,1
373404.0,6,2,1,1
373419.0,3,1,1,10000
373443.0,3,1,1,10000
373445.0,3,1,1,10000
373446.0,3,1,1,10000
373457.0,4,1,1,10000
373461.0,4,1,1,10000
373471.0,4,1,1,10000
373494.0,4,1,1,10000
373502.0,4,1,1,10000
373521.0,8,2,24,24
373523.0,4,1,1,10000
373526.0,4,1,1,10000
373558.0,4,1,1,10000
373559.0,2,1,1,10000
373569.0,3,1,1,10000
373578.0,2,1,1,10000
373594.0,4,1,1,10000
373595.0,2,1,1,10000
373604.0,6,2,23,23
373609.0,4,1,1,10000
373614.0,3,1,1,10000
373624.0,4,1,1,10000
373625.0,2,1,1,10000
373652.0,4,1,1,10000
373654.0,4,1,1,10000
373664.0,4,1,1,10000
373665.0,4,1,1,10000
373696.0,4,1,1,10000
373714.0,3,1,1,10000
373716.0,4,1,1,10000
373717.0,4,1,1,10000
373734.0,4,1,1,10000
373735.0,4,1,1,10000
373749.0,4,1,1,10000
373750.0,4,1,1,10000
373759.0,2,1,1,10000
373774.0,2,1,1,10000
373780.0,4,1,1,10000
373801.0,4,1,1,10000
373802.0,3,1,1,10000
373807.0,4,1,1,10000
373808.0,4,1,1,10000
373818.0,4,1,1,10000
373831.0,3,1,1,10000
373848.0,4,1,1,10000
373857.0,4,1,1,10000
373861.0,4,1,1,10000
373879.0,4,1,1,10000
373888.0,4,1,2,10000
373902.0,4,1,2,10000
373903.0,3,1,5,10000
373905.0,4,1,1,10000
373932.0,4,1,1,10000
373933.0,4,1,1,10000
373951.0,3,1,1,10000
373960.0,3,1,2,10000
373970.0,4,1,1,10000
373976.0,4,1,3,10000
373983.0,4,1,1,10000
373984.0,3,1,1,10000
373985.0,4,1,1,10000
373987.0,4,1,1,10000
373991.0,4,1,1,10000
373992.0,4,1,1,10000
374018.0,4,1,1,10000
374019.0,3,1,1,10000
374020.0,4,1,1,10000
374021.0,4,1,3,10000
374024.0,3,1,1,10000
374083.0,3,1,3,10000
374084.0,4,1,3,10000
374088.0,4,1,3,10000
374092.0,4,1,2,10000
374094.0,4,1,1,10000
374139.0,4,1,1,10000
374142.0,4,1,1,10000
374163.0,3,1,1,10000
374164.0,4,1,1,10000
374171.0,4,1,1,10000
374173.0,4,1,3,10000
374185.0,4,1,1,10000
374203.0,4,1,2,10000
374205.0,3,1,1,10000
374216.0,4,1,3,10000
374217.0,3,1,2,10000
374244.0,4,1,1,10000
374251.0,4,1,1,10000
374258.0,3,1,1,10000
374283.0,4,1,1,10000
374321.0,3,1,1,10000
374326.0,4,1,1,10000
374330.0,4,1,1,10000
374334.0,3,1,1,10000
374361.0,4,1,1,10000
374381.0,4,1,5,10000
374383.0,4,1,2,10000
374384.0,4,1,1,10000
374406.0,3,1,1,10000
374409.0,4,1,4,10000
374423.0,2,1,1,10000
374431.0,4,1,1,10000
374508.0,2,1,1,10000
374511.0,3,1,1,10000
374512.0,4,1,1,10000
374545.0,2,1,3,10000
374553.0,4,1,1,10000
374554.0,4,1,1,10000
374556.0,4,1,1,10000
374572.0,3,1,1,10000
374591.0,3,1,1,10000
374592.0,3,1,1,10000
374599.0,3,1,1,10000
374600.0,4,1,1,10000
374627.0,4,1,1,10000
374651.0,3,1,3,10000
374652.0,3,1,1,10000
374653.0,4,1,1,10000
374671.0,4,1,1,10000
374685.0,3,1,1,10000
374686.0,3,1,1,10000
374695.0,4,1,1,10000
374699.0,4,1,2,10000
374711.0,4,1,2,10000
374713.0,4,1,1,10000
374747.0,4,1,1,10000
374754.0,4,1,1,10000
374757.0,3,1,1,10000
374793.0,4,1,1,10000
374806.0,4,1,1,10000
374819.0,4,1,1,10000
374820.0,4,1,1,10000
374822.0,4,1,1,10000
374823.0,4,1,1,10000
374825.0,4,1,1,10000
374869.0,4,1,3,10000
374873.0,4,1,1,10000
374884.0,3,1,1,10000
374898.0,4,1,3,10000
374928.0,4,1,1,10000
374929.0,3,1,1,10000
374943.0,4,1,3,10000
374963.0,3,1,1,10000
374964.0,4,1,1,10000
374970.0,3,1,1,10000
374971.0,2,1,1,10000
374972.0,4,1,1,10000
374973.0,3,1,1,10000
374977.0,3,1,1,10000
374996.0,3,1,1,10000
374997.0,4,1,1,10000
375062.0,4,1,1,10000
375072.0,3,1,1,10000
375073.0,2,1,1,10000
375096.0,3,1,1,10000
375103.0,4,1,1,10000
375106.0,3,1,1,10000
375116.0,4,1,1,10000
375147.0,4,1,3,10000
375160.0,3,1,1,10000
375161.0,2,1,1,10000
375274.0,3,1,1,10000
375275.0,2,1,1,10000
375278.0,3,1,1,10000
375279.0,4,1,1,10000
375312.0,4,1,1,10000
375319.0,4,1,1,10000
375352.0,4,1,1,10000
375353.0,3,1,1,10000
375354.0,4,1,1,10000
375355.0,4,1,1,10000
386882.0,4,1,1,10000
386920.0,4,1,1,10000
386964.0,4,1,1,10000
386965.0,4,1,1,10000
386966.0,4,1,1,10000
386968.0,4,1,1,10000
386988.0,4,1,1,10000
387040.0,4,1,1,10000
387108.0,44,8,25,17
387109.0,4,1,1,10000
387125.0,2,1,1,10000
387126.0,4,1,1,10000
387127.0,4,1,1,10000
387147.0,3,1,1,10000
387148.0,2,1,1,10000
387149.0,8,2,19,19
387151.0,4,1,1,10000
387164.0,4,1,1,10000
387166.0,4,1,1,10000
387175.0,3,1,1,10000
387177.0,4,1,1,10000
387179.0,9,2,21,21
387194.0,4,1,1,10000
387195.0,7,2,25,25
387201.0,12,3,19,18
387202.0,4,1,1,10000
387235.0,4,1,1,10000
387249.0,3,1,1,10000
387251.0,4,1,1,10000
387254.0,4,1,1,10000
387255.0,4,1,1,10000
387259.0,2,1,1,10000
387276.0,3,1,1,10000
387286.0,2,1,1,10000
387287.0,4,1,1,10000
387303.0,4,1,1,10000
387305.0,4,1,1,10000
387320.0,3,1,1,10000
387321.0,4,1,1,10000
387327.0,8,2,51,51
387331.0,2,1,1,10000
387332.0,4,1,1,10000
387333.0,7,2,2,2
387334.0,6,2,1,1
387339.0,2,1,1,10000
387341.0,2,1,1,10000
387363.0,4,1,1,10000
387364.0,4,1,1,10000
387365.0,3,1,3,10000
387384.0,3,1,1,10000
387386.0,2,1,1,10000
387407.0,3,1,1,10000
387408.0,4,1,1,10000
387410.0,4,1,1,10000
387432.0,3,1,1,10000
387436.0,4,1,3,10000
387448.0,2,1,1,10000
387452.0,2,1,1,10000
387469.0,2,1,1,10000
387470.0,3,1,1,10000
387498.0,4,1,1,10000
387509.0,2,1,1,10000
387540.0,4,1,19,10000
387554.0,3,2,1,1
387558.0,3,2,1,1
387594.0,4,1,1,10000
387607.0,2,1,1,10000
387613.0,2,1,1,10000
387618.0,2,1,1,10000
387619.0,4,1,1,10000
387620.0,4,1,1,10000
387621.0,3,1,1,10000
387623.0,4,1,1,10000
387655.0,4,1,1,10000
387671.0,4,1,1,10000
387672.0,4,1,1,10000
387673.0,4,1,2,10000
387674.0,4,1,3,10000
387675.0,4,1,1,10000
387700.0,3,1,1,10000
387720.0,3,1,1,10000
387722.0,4,1,1,10000
387723.0,4,1,1,10000
387725.0,4,1,1,10000
387726.0,4,1,1,10000
387756.0,4,1,1,10000
387757.0,4,1,1,10000
387777.0,4,1,1,10000
387792.0,4,1,1,10000
387793.0,4,1,1,10000
387807.0,4,1,1,10000
387808.0,4,1,1,10000
387823.0,2,1,2,10000
387824.0,8,2,15,15
387825.0,2,1,1,10000
387826.0,10,2,16,16
387838.0,4,1,1,10000
387853.0,3,1,1,10000
387854.0,4,1,1,10000
387855.0,4,1,1,10000
387856.0,4,1,1,10000
387866.0,4,1,1,10000
387867.0,7,2,2,2
387885.0,3,1,1,10000
387886.0,3,1,1,10000
387891.0,4,1,1,10000
387893.0,4,1,1,10000
387914.0,4,1,2,10000
387940.0,4,1,1,10000
387941.0,4,1,1,10000
387942.0,4,1,2,10000
387944.0,1,1,1,10000
387962.0,4,1,1,10000
387964.0,4,1,2,10000
387983.0,3,1,1,10000
387986.0,4,1,1,10000
388001.0,4,1,1,10000
388006.0,4,1,1,10000
388008.0,4,1,1,10000
388009.0,4,1,1,10000
388036.0,4,1,1,10000
388039.0,4,1,1,10000
388052.0,4,1,2,10000
388053.0,4,1,1,10000
388054.0,4,1,1,10000
388077.0,4,1,1,10000
388078.0,4,1,1,10000
388092.0,4,1,1,10000
388100.0,3,1,1,10000
388114.0,4,1,1,10000
388120.0,4,1,1,10000
388121.0,2,1,1,10000
388123.0,4,1,3,10000
388140.0,4,1,1,10000
388161.0,2,1,1,10000
388162.0,5,2,1,1
388163.0,7,2,20,20
388164.0,5,2,1,1
388165.0,4,1,1,10000
388166.0,4,1,1,10000
388181.0,48,10,9,5
388201.0,4,1,1,10000
388204.0,2,1,2,10000
388223.0,9,2,17,17
388224.0,3,1,1,10000
388235.0,4,1,2,10000
388243.0,9,2,21,21
388267.0,4,1,1,10000
388286.0,6,2,27,27
388287.0,3,1,1,10000
388306.0,4,1,1,10000
388349.0,4,1,1,10000
388350.0,4,1,3,10000
388353.0,4,1,2,10000
388396.0,4,1,1,10000
388397.0,4,1,1,10000
388398.0,2,1,1,10000
388423.0,4,1,2,10000
388433.0,4,1,1,10000
388434.0,6,2,25,25
388460.0,4,1,1,10000
388464.0,4,1,1,10000
388468.0,4,1,2,10000
388469.0,4,1,1,10000
388493.0,4,1,1,10000
388495.0,2,1,1,10000
388510.0,4,1,1,10000
388526.0,4,1,1,10000
388527.0,4,1,1,10000
388552.0,4,1,1,10000
388554.0,4,1,2,10000
388556.0,4,1,2,10000
388557.0,4,1,2,10000
388559.0,4,1,3,10000
388587.0,9,2,3,3
388588.0,4,1,3,10000
388589.0,4,1,3,10000
388592.0,4,1,1,10000
388607.0,9,2,40,40
388608.0,4,1,4,10000
388632.0,4,1,3,10000
388656.0,4,1,1,10000
388657.0,3,1,1,10000
388658.0,4,1,1,10000
388669.0,4,1,1,10000
388673.0,10,2,3,3
388674.0,4,1,3,10000
388675.0,4,1,2,10000
388714.0,4,1,3,10000
388715.0,4,1,3,10000
388728.0,4,1,3,10000
388733.0,10,2,3,3
388759.0,4,1,1,10000
388777.0,4,1,3,10000
388779.0,8,2,3,3
388805.0,4,1,3,10000
388824.0,4,1,1,10000
388825.0,4,1,3,10000
388859.0,4,1,3,10000
388888.0,4,1,2,10000
388889.0,4,1,1,10000
388984.0,4,1,1,10000
389010.0,4,1,1,10000
389012.0,4,1,1,10000
389059.0,3,1,1,10000
389076.0,4,1,1,10000
389136.0,4,1,1,10000
389161.0,4,1,1,10000
389164.0,4,1,1,10000
389173.0,4,1,1,10000
389194.0,14,4,5,5
389195.0,4,1,1,10000
389196.0,4,1,1,10000
389209.0,4,1,1,10000
389211.0,2,1,1,10000
389227.0,4,1,1,10000
389228.0,4,1,1,10000
389251.0,3,1,1,10000
389264.0,4,1,1,10000
389276.0,3,1,7,10000
389278.0,3,1,1,10000
389294.0,1,1,1,10000
389327.0,3,1,1,10000
389337.0,4,1,1,10000
389338.0,4,1,1,10000
389352.0,4,1,1,10000
389353.0,4,1,1,10000
389364.0,4,1,1,10000
389365.0,3,1,1,10000
389366.0,3,1,1,10000
389389.0,2,1,2,10000
389390.0,4,1,1,10000
389402.0,4,1,1,10000
389417.0,4,1,1,10000
389440.0,4,1,1,10000
389462.0,4,1,1,10000
389532.0,3,1,1,10000
389552.0,4,1,1,10000
389553.0,4,1,1,10000
389576.0,1,1,1,10000
389579.0,4,1,1,10000
389599.0,4,1,1,10000
389600.0,4,1,1,10000
389620.0,4,1,1,10000
389632.0,3,1,1,10000
389633.0,2,1,6,10000
389650.0,2,1,1,10000
389651.0,4,1,1,10000
389671.0,4,1,1,10000
389672.0,4,1,1,10000
389687.0,3,1,1,10000
389689.0,3,1,2,10000
389737.0,2,1,1,10000
389738.0,3,1,1,10000
389739.0,3,1,1,10000
389789.0,4,1,1,10000
389818.0,4,1,3,10000
389819.0,2,1,3,10000
389840.0,4,1,1,10000
389841.0,2,1,1,10000
389872.0,2,1,1,10000
389940.0,4,1,1,10000
389969.0,4,1,1,10000
389998.0,3,1,1,10000
389999.0,3,1,1,10000
390000.0,3,1,1,10000
390063.0,3,1,1,10000
390064.0,3,1,1,10000
390086.0,4,1,1,10000
390099.0,3,1,1,10000
390158.0,4,1,1,10000
390162.0,4,1,1,10000
390193.0,4,1,1,10000
390194.0,3,1,1,10000
390210.0,3,1,1,10000
390227.0,4,1,1,10000
401291.0,7,2,1,1
401293.0,4,1,1,10000
401294.0,5,2,1,1
401330.0,4,1,1,10000
401377.0,3,1,1,10000
401378.0,4,1,1,10000
401379.0,4,1,2,10000
401380.0,4,1,1,10000
401405.0,4,1,1,10000
401408.0,2,1,1,10000
401421.0,42,9,10,1
401422.0,43,9,10,1
401423.0,2,1,1,10000
401522.0,4,1,1,10000
401523.0,4,1,1,10000
401538.0,3,1,1,10000
401539.0,13,3,16,1
401541.0,7,2,7,7
401557.0,2,1,1,10000
401568.0,8,2,14,14
401569.0,7,2,3,3
401571.0,6,2,3,3
401572.0,3,1,1,10000
401593.0,4,1,1,10000
401606.0,4,1,1,10000
401608.0,4,1,1,10000
401609.0,4,1,1,10000
401610.0,4,1,1,10000
401611.0,2,1,1,10000
401637.0,2,1,1,10000
401647.0,2,1,1,10000
401648.0,3,1,1,10000
401649.0,2,1,1,10000
401651.0,4,1,1,10000
401662.0,3,1,1,10000
401663.0,4,1,1,10000
401664.0,4,1,1,10000
401665.0,4,1,1,10000
401666.0,4,1,1,10000
401667.0,26,5,21,17
401668.0,8,2,1,1
401670.0,4,1,1,10000
401689.0,8,2,1,1
401690.0,4,1,1,10000
401715.0,4,1,1,10000
401716.0,2,1,1,10000
401717.0,8,2,1,1
401718.0,4,1,1,10000
401720.0,4,1,1,10000
401721.0,2,1,1,10000
401738.0,3,2,50,50
401740.0,4,1,1,10000
401742.0,3,1,1,10000
401744.0,2,1,1,10000
401751.0,8,2,17,17
401752.0,4,1,1,10000
401757.0,8,2,22,22
401758.0,4,1,1,10000
401759.0,4,1,1,10000
401761.0,4,1,1,10000
401783.0,4,1,1,10000
401784.0,4,1,1,10000
401786.0,2,1,1,10000
401787.0,4,1,1,10000
401788.0,4,1,1,10000
401812.0,2,1,1,10000
401813.0,4,1,1,10000
401814.0,2,1,1,10000
401841.0,4,1,1,10000
401852.0,4,1,1,10000
401854.0,4,1,1,10000
401859.0,6,2,1,1
401860.0,5,2,1,1
401861.0,2,1,1,10000
401862.0,4,1,1,10000
401875.0,4,1,1,10000
401892.0,2,2,2,2
401893.0,12,3,1,1
401894.0,4,1,1,10000
401895.0,4,1,1,10000
401896.0,2,1,1,10000
401897.0,8,2,1,1
401914.0,2,1,1,10000
401915.0,2,1,1,10000
401930.0,3,1,1,10000
401931.0,2,1,1,10000
401932.0,13,3,10,2
401933.0,4,1,1,10000
401965.0,4,1,1,10000
401978.0,4,1,1,10000
401979.0,2,1,1,10000
402001.0,2,1,1,10000
402025.0,4,1,1,10000
402027.0,8,2,6,6
402056.0,4,1,1,10000
402057.0,4,1,1,10000
402076.0,4,1,1,10000
402102.0,4,1,1,10000
402104.0,4,1,3,10000
402126.0,4,1,1,10000
402128.0,4,1,1,10000
402138.0,3,1,2,10000
402139.0,4,1,1,10000
402140.0,4,1,1,10000
402161.0,3,1,1,10000
402168.0,4,1,1,10000
402170.0,7,2,15,15
402190.0,5,2,1,1
402191.0,2,1,1,10000
402192.0,2,1,1,10000
402193.0,5,2,1,1
402207.0,4,1,1,10000
402222.0,4,1,1,10000
402224.0,6,2,2,2
402225.0,2,1,1,10000
402226.0,4,1,1,10000
402231.0,4,1,1,10000
402238.0,9,2,15,15
402254.0,4,1,1,10000
402257.0,7,2,11,11
402263.0,4,1,1,10000
402264.0,4,1,1,10000
402275.0,3,1,1,10000
402278.0,7,2,5,5
402282.0,4,1,1,10000
402283.0,3,1,1,10000
402301.0,4,1,1,10000
402302.0,4,1,2,10000
402303.0,4,1,1,10000
402305.0,4,1,1,10000
402329.0,4,1,1,10000
402331.0,3,1,1,10000
402353.0,4,1,1,10000
402356.0,4,1,1,10000
402363.0,4,1,1,10000
402364.0,4,1,1,10000
402377.0,43,9,20,4
402378.0,4,1,1,10000
402379.0,2,1,6,10000
402402.0,8,2,1,1
402428.0,8,2,1,1
402429.0,3,1,1,10000
402452.0,4,1,1,10000
402453.0,4,1,1,10000
402463.0,8,2,15,15
402464.0,4,1,1,10000
402465.0,4,1,1,10000
402467.0,4,1,1,10000
402468.0,4,1,1,10000
402491.0,4,1,1,10000
402499.0,4,1,1,10000
402503.0,4,1,1,10000
402504.0,2,1,1,10000
402530.0,4,1,1,10000
402543.0,3,1,1,10000
402556.0,8,2,4,4
402557.0,4,1,2,10000
402558.0,5,2,2,2
402594.0,3,1,1,10000
402595.0,3,1,1,10000
402596.0,4,1,1,10000
402597.0,3,1,1,10000
402615.0,4,1,1,10000
402625.0,4,1,1,10000
402626.0,4,1,1,10000
402661.0,3,1,1,10000
402662.0,4,1,1,10000
402663.0,4,1,3,10000
402665.0,4,1,1,10000
402666.0,4,1,1,10000
402668.0,4,1,1,10000
402689.0,4,1,1,10000
402690.0,8,2,16,16
402691.0,4,1,1,10000
402714.0,4,1,1,10000
402715.0,4,1,1,10000
402717.0,4,1,1,10000
402735.0,4,1,1,10000
402737.0,3,1,2,10000
402777.0,4,1,3,10000
402800.0,4,1,1,10000
402801.0,4,1,1,10000
402808.0,4,1,1,10000
402828.0,4,1,1,10000
402832.0,6,2,13,13
402834.0,4,1,1,10000
402844.0,4,1,1,10000
402846.0,4,1,3,10000
402847.0,4,1,1,10000
402850.0,4,1,1,10000
402856.0,4,1,1,10000
402882.0,8,2,1,1
402884.0,2,1,1,10000
402910.0,4,1,1,10000
402935.0,4,1,1,10000
402937.0,7,2,22,22
402939.0,3,1,1,10000
402940.0,3,1,1,10000
402949.0,4,1,1,10000
402960.0,4,1,3,10000
402984.0,4,1,1,10000
402985.0,4,1,1,10000
403008.0,4,1,1,10000
403025.0,4,1,1,10000
403036.0,3,1,1,10000
403050.0,4,1,1,10000
403131.0,4,1,1,10000
403153.0,4,1,1,10000
403165.0,4,1,1,10000
403169.0,4,1,1,10000
403170.0,4,1,1,10000
403193.0,4,1,1,10000
403196.0,4,1,3,10000
403225.0,4,1,3,10000
403247.0,4,1,1,10000
403248.0,4,1,1,10000
403259.0,4,1,3,10000
403280.0,23,5,10,5
403281.0,4,1,1,10000
403305.0,4,1,1,10000
403307.0,3,1,1,10000
403334.0,4,1,1,10000
403335.0,4,1,1,10000
403360.0,4,1,4,10000
403372.0,4,1,1,10000
403392.0,4,1,3,10000
403401.0,3,1,1,10000
403402.0,3,1,1,10000
403425.0,4,1,1,10000
403426.0,3,1,1,10000
403445.0,4,1,1,10000
403466.0,67,13,18,4
403473.0,3,1,1,10000
403484.0,4,1,1,10000
403485.0,4,1,1,10000
403512.0,3,1,1,10000
403530.0,9,2,17,17
403532.0,4,1,7,10000
403534.0,4,1,5,10000
403558.0,4,1,1,10000
403567.0,11,3,18,13
403568.0,3,1,4,10000
403569.0,4,1,1,10000
403593.0,4,1,1,10000
403594.0,4,1,1,10000
403601.0,3,1,1,10000
403604.0,3,1,3,10000
403629.0,3,1,1,10000
403630.0,4,1,1,10000
403632.0,3,1,1,10000
403645.0,3,1,1,10000
403664.0,4,1,1,10000
403689.0,3,1,1,10000
403691.0,4,1,1,10000
403724.0,3,1,1,10000
403725.0,3,1,1,10000
403732.0,2,1,1,10000
403738.0,1,1,1,10000
403739.0,3,1,1,10000
403750.0,3,1,1,10000
403751.0,4,1,1,10000
403756.0,4,1,1,10000
403757.0,3,1,1,10000
403758.0,3,1,1,10000
403759.0,4,1,1,10000
403762.0,3,1,1,10000
403791.0,2,1,1,10000
403792.0,4,1,1,10000
403793.0,9,2,3,3
403794.0,46,9,12,4
403832.0,3,1,1,10000
403860.0,3,1,5,10000
403871.0,3,1,1,10000
403886.0,3,1,1,10000
403887.0,2,1,1,10000
403899.0,3,1,1,10000
403901.0,4,1,1,10000
403936.0,4,1,3,10000
403991.0,4,1,1,10000
403992.0,4,1,1,10000
403997.0,4,1,1,10000
404011.0,4,1,1,10000
404025.0,4,1,1,10000
404026.0,4,1,1,10000
404059.0,4,1,1,10000
404108.0,2,1,1,10000
404121.0,4,1,1,10000
404160.0,2,1,3,10000
404161.0,2,1,1,10000
404163.0,3,1,1,10000
404182.0,3,1,1,10000
404183.0,4,1,1,10000
404204.0,3,1,1,10000
404207.0,4,1,1,10000
404217.0,4,1,1,10000
404250.0,3,1,1,10000
404252.0,4,1,3,10000
404264.0,2,1,1,10000
404320.0,4,1,1,10000
404321.0,9,2,48,48
404339.0,3,1,1,10000
404354.0,4,1,1,10000
404376.0,4,1,1,10000
404379.0,3,1,1,10000
404399.0,4,1,1,10000
404425.0,3,1,1,10000
404426.0,4,1,1,10000
404428.0,3,1,1,10000
404458.0,3,1,3,10000
404460.0,4,1,1,10000
404467.0,3,1,1,10000
404469.0,4,1,4,10000
404499.0,4,1,2,10000
415110.0,4,1,1,10000
415128.0,4,1,1,10000
415129.0,3,1,1,10000
415131.0,4,1,1,10000
415160.0,8,2,5,5
415161.0,8,2,1,1
415163.0,4,1,1,10000
415164.0,4,1,1,10000
415199.0,4,1,1,10000
415200.0,4,1,1,10000
415215.0,3,1,1,10000
415231.0,3,1,1,10000
415239.0,4,1,1,10000
415273.0,4,1,1,10000
415307.0,4,1,1,10000
415332.0,3,1,1,10000
415349.0,8,2,6,6
415352.0,14,3,6,1
415354.0,7,2,6,6
415365.0,3,1,1,10000
415366.0,4,1,1,10000
415397.0,4,2,27,27
415398.0,2,1,1,10000
415399.0,8,2,1,1
415400.0,3,1,1,10000
415401.0,8,2,1,1
415402.0,4,1,1,10000
415406.0,7,2,2,2
415425.0,7,2,1,1
415426.0,7,2,1,1
415427.0,4,1,1,10000
415438.0,3,1,1,10000
415439.0,7,2,1,1
415441.0,8,2,3,3
415445.0,2,1,1,10000
415458.0,3,1,1,10000
415459.0,4,1,4,10000
415466.0,3,1,1,10000
415473.0,3,1,1,10000
415477.0,4,1,1,10000
415479.0,4,1,1,10000
415481.0,2,1,1,10000
415483.0,3,1,1,10000
415505.0,4,1,1,10000
415507.0,2,1,1,10000
415508.0,4,1,1,10000
415509.0,4,1,1,10000
415512.0,6,2,2,2
415533.0,4,1,1,10000
415534.0,4,1,1,10000
415535.0,4,1,1,10000
415558.0,2,1,1,10000
415559.0,4,1,1,10000
415568.0,3,1,1,10000
415573.0,7,2,6,6
415593.0,4,1,1,10000
415595.0,2,1,1,10000
415596.0,4,1,1,10000
415612.0,4,1,1,10000
415613.0,2,1,1,10000
415614.0,4,1,1,10000
415616.0,4,1,1,10000
415617.0,4,1,1,10000
415621.0,4,1,2,10000
415642.0,12,3,15,1
415646.0,4,1,1,10000
415647.0,4,1,1,10000
415657.0,3,1,1,10000
415658.0,9,2,21,21
415673.0,4,1,1,10000
415674.0,3,1,2,10000
415675.0,6,2,25,25
415693.0,4,1,1,10000
415704.0,6,2,1,1
415705.0,6,2,1,1
415706.0,4,1,1,10000
415707.0,4,1,1,10000
415751.0,4,1,1,10000
415773.0,4,1,1,10000
415774.0,4,1,1,10000
415775.0,2,1,1,10000
415785.0,3,1,8,10000
415786.0,3,1,31,10000
415797.0,3,1,1,10000
415804.0,4,1,1,10000
415812.0,3,1,1,10000
415813.0,3,1,1,10000
415814.0,4,1,1,10000
415815.0,3,1,1,10000
415848.0,4,1,1,10000
415849.0,4,1,1,10000
415874.0,4,1,1,10000
415875.0,4,1,1,10000
415876.0,4,1,1,10000
415880.0,4,1,1,10000
415898.0,4,1,1,10000
415909.0,8,2,17,17
415915.0,4,1,1,10000
415916.0,4,1,1,10000
415917.0,4,1,1,10000
415927.0,3,1,1,10000
415928.0,4,1,1,10000
415950.0,4,1,1,10000
415951.0,4,1,1,10000
415960.0,4,1,1,10000
415991.0,4,1,1,10000
415993.0,4,1,1,10000
416008.0,2,1,1,10000
416009.0,4,1,1,10000
416025.0,4,1,1,10000
416032.0,4,1,1,10000
416038.0,4,1,1,10000
416040.0,2,1,1,10000
416046.0,7,3,1,1
416047.0,7,3,1,1
416048.0,7,3,1,1
416056.0,3,1,1,10000
416058.0,4,1,1,10000
416059.0,4,1,1,10000
416075.0,4,1,1,10000
416076.0,4,1,1,10000
416077.0,4,1,1,10000
416078.0,4,1,1,10000
416079.0,4,1,1,10000
416081.0,38,8,33,6
416082.0,4,1,1,10000
416130.0,2,1,1,10000
416134.0,4,2,2,2
416145.0,2,1,1,10000
416146.0,3,1,1,10000
416147.0,4,1,1,10000
416165.0,3,1,3,10000
416166.0,2,1,1,10000
416167.0,4,1,1,10000
416168.0,7,2,10,10
416205.0,3,1,1,10000
416206.0,4,1,1,10000
416211.0,4,1,2,10000
416212.0,4,1,1,10000
416233.0,3,1,1,10000
416235.0,4,1,1,10000
416238.0,39,8,16,7
416239.0,4,1,2,10000
416240.0,63,13,16,7
416257.0,4,1,1,10000
416258.0,4,1,1,10000
416270.0,2,1,2,10000
416271.0,4,1,1,10000
416292.0,4,1,1,10000
416313.0,4,1,1,10000
416314.0,4,1,1,10000
416315.0,4,1,1,10000
416316.0,3,1,1,10000
416336.0,4,1,1,10000
416343.0,3,1,1,10000
416356.0,4,1,1,10000
416360.0,4,1,1,10000
416361.0,4,1,1,10000
416362.0,4,1,1,10000
416363.0,4,1,1,10000
416368.0,4,1,1,10000
416382.0,4,1,1,10000
416411.0,4,1,1,10000
416412.0,4,1,1,10000
416430.0,4,1,1,10000
416431.0,4,1,1,10000
416437.0,4,1,1,10000
416439.0,3,1,1,10000
416442.0,4,1,1,10000
416444.0,4,1,1,10000
416446.0,4,1,1,10000
416457.0,4,1,1,10000
416458.0,3,1,1,10000
416459.0,3,1,1,10000
416487.0,4,1,1,10000
416502.0,7,2,54,54
416503.0,4,1,1,10000
416504.0,8,2,16,16
416505.0,6,2,54,54
416506.0,3,1,1,10000
416527.0,4,1,1,10000
416528.0,4,1,1,10000
416529.0,4,1,1,10000
416538.0,4,1,1,10000
416539.0,4,1,1,10000
416564.0,4,1,1,10000
416570.0,4,1,1,10000
416572.0,4,1,1,10000
416587.0,5,2,23,23
416588.0,2,1,1,10000
416592.0,4,1,1,10000
416593.0,4,1,1,10000
416594.0,4,1,1,10000
416618.0,4,1,1,10000
416619.0,4,1,4,10000
416641.0,2,1,1,10000
416642.0,4,1,1,10000
416650.0,4,1,1,10000
416673.0,4,1,1,10000
416707.0,4,1,1,10000
416708.0,2,1,1,10000
416742.0,4,1,1,10000
416761.0,4,1,1,10000
416763.0,4,1,3,10000
416768.0,4,1,1,10000
416769.0,2,1,1,10000
416778.0,4,1,3,10000
416793.0,3,1,1,10000
416794.0,3,1,6,10000
416797.0,4,1,1,10000
416805.0,4,1,1,10000
416837.0,4,1,1,10000
416839.0,4,1,3,10000
416865.0,4,1,3,10000
416872.0,3,1,2,10000
416873.0,3,1,4,10000
416875.0,7,2,20,20
416883.0,3,1,1,10000
416890.0,3,1,1,10000
416894.0,4,1,5,10000
416895.0,4,1,2,10000
416897.0,3,1,2,10000
416939.0,4,1,3,10000
416940.0,4,1,2,10000
416982.0,4,1,1,10000
416983.0,4,1,1,10000
417003.0,4,1,1,10000
417030.0,5,2,1,1
417032.0,5,2,1,1
417033.0,4,1,1,10000
417043.0,4,1,1,10000
417062.0,5,2,1,1
417063.0,4,1,1,10000
417080.0,4,1,2,10000
417081.0,4,1,2,10000
417085.0,4,1,1,10000
417086.0,4,1,1,10000
417088.0,4,1,1,10000
417089.0,11,2,16,16
417094.0,4,1,1,10000
417098.0,3,1,1,10000
417117.0,4,1,1,10000
417120.0,2,1,1,10000
417144.0,4,1,1,10000
417145.0,4,1,3,10000
417146.0,4,1,5,10000
417173.0,3,1,1,10000
417174.0,3,1,1,10000
417175.0,4,1,3,10000
417178.0,2,1,1,10000
417195.0,2,1,1,10000
417196.0,4,1,1,10000
417239.0,4,1,1,10000
417240.0,4,1,1,10000
417241.0,3,1,1,10000
417243.0,2,1,1,10000
417267.0,4,1,1,10000
417300.0,2,1,1,10000
417302.0,4,1,1,10000
417303.0,2,1,1,10000
417342.0,3,1,1,10000
417343.0,2,1,1,10000
417364.0,3,1,4,10000
417374.0,4,1,1,10000
417376.0,3,1,1,10000
417391.0,4,1,1,10000
417404.0,4,1,1,10000
417405.0,3,1,1,10000
417423.0,3,1,1,10000
417438.0,3,1,1,10000
417443.0,4,1,1,10000
417456.0,2,1,1,10000
417457.0,4,1,1,10000
417464.0,3,1,1,10000
417511.0,3,1,1,10000
417512.0,2,1,1,10000
417513.0,3,1,1,10000
417539.0,3,1,1,10000
417561.0,4,1,1,10000
417562.0,4,1,1,10000
417570.0,4,1,1,10000
417600.0,3,1,1,10000
417634.0,2,1,1,10000
417642.0,4,1,1,10000
417644.0,4,1,1,10000
417666.0,4,1,1,10000
417668.0,3,1,1,10000
417670.0,4,1,1,10000
417679.0,2,1,1,10000
417682.0,4,1,7,10000
417683.0,4,1,1,10000
417693.0,3,1,1,10000
417718.0,4,1,2,10000
417719.0,4,1,1,10000
417746.0,4,1,1,10000
417747.0,6,2,2,2
417749.0,4,1,1,10000
417770.0,7,2,1,1
417772.0,3,1,1,10000
417775.0,3,1,1,10000
417783.0,3,1,1,10000
417784.0,4,1,1,10000
417785.0,4,1,1,10000
417796.0,4,1,1,10000
417797.0,4,1,1,10000
417798.0,3,1,1,10000
417819.0,3,1,2,10000
417838.0,4,1,1,10000
417841.0,4,1,2,10000
417866.0,3,1,1,10000
417867.0,3,1,1,10000
417870.0,3,1,1,10000
417881.0,4,1,1,10000
417882.0,4,1,7,10000
417928.0,3,1,1,10000
417945.0,3,1,1,10000
417949.0,3,1,1,10000
417964.0,3,1,1,10000
417993.0,3,1,1,10000
418016.0,3,1,1,10000
418044.0,4,1,1,10000
418063.0,3,1,3,10000
418071.0,1,1,1,10000
418076.0,3,1,1,10000
418077.0,3,1,1,10000
418122.0,9,2,4,4
418123.0,6,2,1,1
418192.0,3,1,1,10000
429957.0,4,1,1,10000
429958.0,4,1,1,10000
429959.0,4,1,1,10000
429997.0,4,1,1,10000
430017.0,8,2,1,1
430018.0,8,2,1,1
430039.0,4,1,1,10000
430040.0,8,2,2,2
430041.0,4,1,1,10000
430065.0,4,1,1,10000
430067.0,3,1,1,10000
430078.0,4,1,1,10000
430083.0,2,1,1,10000
430113.0,4,1,1,10000
430157.0,3,1,1,10000
430200.0,2,1,1,10000
430203.0,4,1,1,10000
430204.0,4,1,1,10000
430205.0,4,1,2,10000
430217.0,6,2,1,1
430218.0,8,2,2,2
430219.0,6,2,2,2
430220.0,4,2,1,1
430221.0,4,1,1,10000
430222.0,4,1,1,10000
430234.0,4,1,1,10000
430235.0,2,1,1,10000
430247.0,4,2,1,1
430248.0,5,2,7,7
430249.0,3,1,1,10000
430250.0,3,1,1,10000
430251.0,4,1,5,10000
430271.0,4,1,1,10000
430283.0,10,2,33,33
430284.0,8,2,9,9
430294.0,4,1,2,10000
430295.0,4,1,1,10000
430296.0,4,1,1,10000
430310.0,4,1,1,10000
430311.0,2,1,1,10000
430312.0,4,1,1,10000
430330.0,4,1,1,10000
430333.0,4,1,1,10000
430334.0,4,1,1,10000
430335.0,4,1,1,10000
430347.0,3,1,1,10000
430349.0,4,1,1,10000
430366.0,4,1,1,10000
430367.0,4,1,1,10000
430369.0,3,1,1,10000
430370.0,4,1,1,10000
430371.0,4,1,1,10000
430372.0,4,1,1,10000
430398.0,7,2,11,11
430399.0,4,1,1,10000
430400.0,4,1,1,10000
430403.0,4,1,1,10000
430404.0,3,1,1,10000
430405.0,3,1,1,10000
430421.0,1,1,1,10000
430423.0,4,1,2,10000
430424.0,4,1,1,10000
430447.0,4,1,1,10000
430452.0,4,1,1,10000
430453.0,4,1,1,10000
430456.0,3,1,1,10000
430467.0,4,1,1,10000
430468.0,4,1,1,10000
430471.0,2,1,1,10000
430473.0,4,1,1,10000
430475.0,4,1,1,10000
430497.0,4,1,1,10000
430522.0,4,1,1,10000
430523.0,2,1,1,10000
430524.0,3,1,4,10000
430536.0,4,1,1,10000
430537.0,4,1,1,10000
430538.0,4,1,1,10000
430541.0,4,1,1,10000
430571.0,4,1,1,10000
430572.0,2,1,1,10000
430574.0,4,1,1,10000
430588.0,4,1,1,10000
430589.0,4,1,1,10000
430590.0,4,1,1,10000
430592.0,4,1,1,10000
430606.0,2,1,1,10000
430613.0,4,1,1,10000
430614.0,3,1,1,10000
430615.0,9,2,18,18
430616.0,4,1,1,10000
430654.0,8,2,11,11
430655.0,3,1,1,10000
430672.0,4,1,2,10000
430680.0,4,1,1,10000
430682.0,4,1,1,10000
430683.0,9,2,16,16
430704.0,4,1,1,10000
430705.0,51,11,12,6
430706.0,22,5,18,10
430707.0,4,1,1,10000
430720.0,4,1,1,10000
430722.0,3,1,1,10000
430735.0,3,1,1,10000
430736.0,4,1,1,10000
430741.0,2,1,1,10000
430750.0,4,1,1,10000
430751.0,4,1,3,10000
430752.0,4,1,1,10000
430776.0,7,2,3,3
430777.0,6,2,1,1
430801.0,4,1,1,10000
430802.0,4,1,1,10000
430803.0,4,1,1,10000
430805.0,4,1,1,10000
430817.0,4,1,1,10000
430819.0,4,1,1,10000
430820.0,4,1,1,10000
430821.0,4,1,1,10000
430822.0,4,1,1,10000
430826.0,4,1,1,10000
430852.0,4,1,1,10000
430853.0,4,1,1,10000
430856.0,4,1,1,10000
430882.0,4,1,1,10000
430883.0,4,1,1,10000
430911.0,4,1,1,10000
430912.0,4,1,3,10000
430929.0,2,1,1,10000
430930.0,3,1,1,10000
430931.0,4,1,1,10000
430939.0,4,1,1,10000
430987.0,4,1,1,10000
430988.0,4,1,1,10000
430991.0,4,1,1,10000
431006.0,3,1,1,10000
431027.0,4,1,1,10000
431028.0,4,1,1,10000
431030.0,4,1,7,10000
431045.0,4,1,1,10000
431046.0,4,1,1,10000
431047.0,2,1,1,10000
431048.0,4,1,1,10000
431051.0,4,1,1,10000
431070.0,4,1,1,10000
431071.0,4,1,1,10000
431082.0,10,2,7,7
431083.0,4,1,1,10000
431084.0,4,1,1,10000
431085.0,4,1,1,10000
431110.0,4,1,1,10000
431111.0,4,1,1,10000
431112.0,4,1,1,10000
431121.0,3,1,1,10000
431122.0,4,1,1,10000
431123.0,4,1,1,10000
431124.0,4,1,1,10000
431125.0,4,1,1,10000
431127.0,4,1,1,10000
431159.0,4,1,1,10000
431191.0,4,1,1,10000
431200.0,8,2,1,1
431201.0,4,1,1,10000
431202.0,9,2,2,2
431203.0,9,2,2,2
431224.0,3,1,1,10000
431236.0,4,1,3,10000
431245.0,4,1,1,10000
431251.0,65,13,11,5
431260.0,4,1,1,10000
431261.0,4,1,1,10000
431262.0,4,1,1,10000
431282.0,4,1,3,10000
431286.0,4,1,1,10000
431311.0,4,1,1,10000
431332.0,4,1,1,10000
431334.0,4,1,2,10000
431342.0,7,2,1,1
431344.0,3,1,1,10000
431346.0,8,2,1,1
431361.0,4,1,1,10000
431394.0,4,1,1,10000
431395.0,4,1,1,10000
431404.0,3,1,1,10000
431407.0,4,1,1,10000
431416.0,4,1,1,10000
431422.0,4,1,1,10000
431426.0,4,1,1,10000
431450.0,4,1,1,10000
431473.0,4,1,1,10000
431474.0,7,2,6,6
431475.0,4,1,1,10000
431477.0,7,2,1,1
431491.0,4,1,1,10000
431519.0,4,1,1,10000
431534.0,4,1,1,10000
431546.0,3,1,7,10000
431579.0,8,2,1,1
431580.0,4,1,1,10000
431581.0,7,2,1,1
431582.0,4,1,1,10000
431616.0,4,1,1,10000
431620.0,4,1,1,10000
431639.0,4,1,1,10000
431641.0,4,1,3,10000
431643.0,4,1,1,10000
431659.0,4,1,1,10000
431667.0,3,1,1,10000
431699.0,4,1,1,10000
431702.0,4,1,1,10000
431703.0,6,2,22,22
431725.0,4,1,1,10000
431746.0,4,1,1,10000
431748.0,4,1,1,10000
431763.0,7,2,3,3
431764.0,4,1,1,10000
431765.0,4,1,1,10000
431775.0,4,1,1,10000
431777.0,4,1,1,10000
431778.0,4,1,1,10000
431825.0,8,2,4,4
431832.0,3,1,2,10000
431844.0,4,1,1,10000
431870.0,4,1,1,10000
431880.0,4,2,25,25
431882.0,4,1,3,10000
431888.0,3,1,1,10000
431907.0,4,1,1,10000
431920.0,4,1,1,10000
431921.0,4,1,3,10000
431922.0,4,1,2,10000
431924.0,4,1,1,10000
431939.0,7,2,1,1
431940.0,5,2,1,1
431967.0,4,1,1,10000
431970.0,4,1,6,10000
432027.0,8,2,3,3
432029.0,10,2,3,3
432038.0,4,1,1,10000
432039.0,4,1,1,10000
432068.0,9,2,5,5
432069.0,4,1,4,10000
432107.0,2,1,1,10000
432110.0,3,1,1,10000
432121.0,4,1,1,10000
432122.0,4,1,1,10000
432123.0,4,1,1,10000
432124.0,4,1,1,10000
432145.0,2,1,1,10000
432146.0,10,2,6,6
432147.0,9,2,5,5
432153.0,8,2,12,12
432166.0,4,1,1,10000
432167.0,4,1,1,10000
432169.0,4,1,1,10000
432193.0,4,1,3,10000
432195.0,4,1,1,10000
432209.0,10,2,6,6
432210.0,4,1,1,10000
432211.0,4,1,1,10000
432248.0,4,1,3,10000
432260.0,4,1,1,10000
432277.0,4,1,1,10000
432280.0,4,1,1,10000
432282.0,4,1,1,10000
432287.0,4,1,1,10000
432304.0,2,1,1,10000
432305.0,4,1,1,10000
432317.0,3,1,1,10000
432327.0,4,1,1,10000
432329.0,4,1,1,10000
432340.0,3,1,1,10000
432360.0,4,1,3,10000
432363.0,4,1,3,10000
432380.0,3,1,1,10000
432399.0,4,1,1,10000
432400.0,4,1,3,10000
432425.0,3,1,1,10000
432428.0,3,1,1,10000
432442.0,3,1,1,10000
432507.0,3,1,1,10000
432508.0,4,1,1,10000
432633.0,4,1,1,10000
432671.0,3,1,1,10000
432704.0,4,1,1,10000
432705.0,3,1,1,10000
432734.0,4,1,2,10000
432760.0,4,1,3,10000
432762.0,4,1,1,10000
432763.0,4,1,1,10000
432788.0,3,1,1,10000
432807.0,3,1,1,10000
432813.0,2,1,6,10000
432826.0,4,1,1,10000
432857.0,4,1,1,10000
432900.0,4,1,1,10000
432916.0,4,1,3,10000
432927.0,2,1,1,10000
432928.0,4,1,1,10000
432948.0,4,1,1,10000
432950.0,4,1,5,10000
432951.0,4,1,1,10000
432965.0,4,1,1,10000
432966.0,4,1,1,10000
432968.0,4,1,1,10000
433018.0,3,1,1,10000
433019.0,4,1,1,10000
433020.0,4,1,1,10000
433035.0,3,1,1,10000
433064.0,3,1,1,10000
433083.0,4,1,1,10000
433084.0,3,1,1,10000
433085.0,3,1,1,10000
433086.0,4,1,1,10000
433088.0,4,1,1,10000
433136.0,4,1,1,10000
433137.0,3,1,1,10000
433138.0,4,1,1,10000
433139.0,2,1,3,10000
433170.0,4,1,1,10000
433172.0,4,1,1,10000
433201.0,4,1,1,10000
433229.0,3,1,1,10000
433239.0,4,1,1,10000
433249.0,4,1,3,10000
433285.0,4,1,1,10000
433299.0,4,1,1,10000
433300.0,2,1,2,10000
433301.0,4,1,1,10000
433302.0,2,1,1,10000
433313.0,3,1,1,10000
433314.0,4,1,1,10000
433320.0,3,1,1,10000
433322.0,4,1,1,10000
433348.0,4,1,3,10000
433368.0,47,11,13,6
433373.0,3,1,1,10000
433391.0,3,1,1,10000
433420.0,3,1,1,10000
433434.0,3,1,7,10000
433468.0,57,13,21,8
433505.0,4,1,1,10000
433558.0,4,1,1,10000
443925.0,3,1,1,10000
443926.0,4,1,1,10000
443928.0,4,1,1,10000
443948.0,7,2,25,25
443970.0,4,1,1,10000
443971.0,4,1,1,10000
443973.0,4,1,2,10000
444014.0,2,1,1,10000
444060.0,8,2,1,1
444061.0,8,2,1,1
444062.0,10,2,11,11
444080.0,3,1,1,10000
444133.0,4,1,1,10000
444161.0,2,1,1,10000
444166.0,4,1,1,10000
444167.0,6,2,2,2
444179.0,9,2,4,4
444180.0,4,1,1,10000
444182.0,4,1,1,10000
444200.0,4,1,1,10000
444201.0,4,1,1,10000
444202.0,3,1,1,10000
444223.0,4,1,1,10000
444224.0,3,1,1,10000
444225.0,3,1,1,10000
444226.0,4,1,1,10000
444238.0,3,1,1,10000
444239.0,3,1,1,10000
444240.0,6,2,2,2
444242.0,6,2,1,1
444243.0,4,1,1,10000
444248.0,8,2,17,17
444252.0,8,2,15,15
444271.0,3,1,1,10000
444272.0,4,1,1,10000
444298.0,6,2,5,5
444299.0,8,2,9,9
444300.0,3,1,1,10000
444304.0,3,1,1,10000
444317.0,4,1,1,10000
444318.0,4,1,1,10000
444323.0,3,1,1,10000
444326.0,3,1,1,10000
444327.0,3,1,1,10000
444342.0,4,1,1,10000
444348.0,4,1,1,10000
444349.0,4,1,1,10000
444370.0,3,1,1,10000
444373.0,4,1,2,10000
444382.0,4,1,1,10000
444383.0,4,1,1,10000
444394.0,3,1,1,10000
444406.0,3,1,1,10000
444417.0,4,1,1,10000
444418.0,8,2,9,9
444432.0,2,1,1,10000
444440.0,4,1,1,10000
444448.0,4,1,1,10000
444449.0,4,1,1,10000
444450.0,4,1,1,10000
444461.0,4,1,1,10000
444464.0,4,1,1,10000
444467.0,4,1,1,10000
444499.0,3,1,1,10000
444504.0,60,10,12,1
444505.0,6,2,1,1
444507.0,60,10,12,1
444519.0,4,1,1,10000
444521.0,4,1,1,10000
444550.0,4,1,1,10000
444552.0,60,11,13,3
444553.0,4,1,1,10000
444560.0,9,2,17,17
444562.0,7,2,4,4
444573.0,4,1,1,10000
444574.0,4,1,1,10000
444594.0,4,1,1,10000
444609.0,4,1,1,10000
444612.0,3,1,1,10000
444617.0,4,1,1,10000
444618.0,4,1,1,10000
444619.0,10,2,24,24
444620.0,4,1,1,10000
444640.0,4,1,1,10000
444641.0,4,1,1,10000
444642.0,4,1,1,10000
444665.0,23,6,14,8
444674.0,4,1,1,10000
444679.0,4,1,1,10000
444681.0,4,1,3,10000
444682.0,47,11,18,3
444689.0,4,1,1,10000
444701.0,4,1,1,10000
444702.0,4,1,1,10000
444703.0,4,1,1,10000
444705.0,4,1,1,10000
444728.0,4,1,1,10000
444746.0,19,5,11,3
444764.0,4,1,1,10000
444782.0,4,1,1,10000
444783.0,2,1,1,10000
444798.0,8,2,11,11
444799.0,4,1,1,10000
444800.0,4,1,1,10000
444804.0,4,1,1,10000
444805.0,4,1,1,10000
444807.0,4,1,5,10000
444825.0,4,1,1,10000
444826.0,4,1,1,10000
444840.0,7,2,5,5
444851.0,6,2,28,28
444852.0,3,1,1,10000
444853.0,2,1,1,10000
444870.0,4,1,1,10000
444882.0,4,1,1,10000
444890.0,4,1,1,10000
444892.0,4,1,1,10000
444895.0,9,2,10,10
444901.0,4,1,2,10000
444906.0,2,1,3,10000
444914.0,4,1,1,10000
444916.0,4,1,1,10000
444939.0,4,1,1,10000
444941.0,4,1,1,10000
444942.0,4,1,1,10000
444954.0,8,2,1,1
444955.0,3,1,2,10000
444956.0,8,2,1,1
444958.0,4,1,3,10000
444959.0,4,1,1,10000
445002.0,4,1,1,10000
445003.0,4,1,1,10000
445005.0,4,1,1,10000
445021.0,4,1,1,10000
445032.0,4,1,1,10000
445033.0,4,1,1,10000
445045.0,3,1,6,10000
445056.0,4,1,1,10000
445057.0,4,1,1,10000
445061.0,4,1,1,10000
445062.0,7,2,2,2
445063.0,4,1,1,10000
445064.0,4,1,1,10000
445065.0,2,1,1,10000
445066.0,4,1,1,10000
445099.0,4,1,3,10000
445101.0,7,2,1,1
445113.0,4,1,1,10000
445120.0,4,1,1,10000
445121.0,4,1,1,10000
445125.0,4,1,1,10000
445126.0,4,1,1,10000
445137.0,4,1,1,10000
445151.0,3,1,1,10000
445158.0,8,2,6,6
445192.0,4,1,1,10000
445193.0,2,1,6,10000
445211.0,4,1,1,10000
445213.0,4,1,3,10000
445260.0,4,1,1,10000
445283.0,4,1,1,10000
445348.0,4,1,1,10000
445353.0,4,1,1,10000
445356.0,3,1,8,10000
445367.0,3,1,1,10000
445368.0,4,1,1,10000
445369.0,4,1,1,10000
445370.0,10,2,21,21
445398.0,3,1,1,10000
445399.0,4,1,1,10000
445409.0,4,1,1,10000
445410.0,56,11,15,4
445411.0,4,1,1,10000
445434.0,4,1,1,10000
445435.0,7,2,6,6
445494.0,3,1,1,10000
445503.0,55,11,14,3
445511.0,4,1,1,10000
445531.0,4,1,1,10000
445533.0,4,1,1,10000
445542.0,3,1,1,10000
445580.0,9,2,50,50
445581.0,4,1,3,10000
445582.0,4,1,1,10000
445590.0,10,2,3,3
445596.0,3,1,1,10000
445631.0,3,1,3,10000
445632.0,4,1,3,10000
445647.0,4,1,1,10000
445648.0,3,1,1,10000
445700.0,4,1,1,10000
445708.0,11,3,3,1
445709.0,8,2,1,1
445718.0,4,1,1,10000
445719.0,4,1,1,10000
445745.0,3,1,1,10000
445753.0,5,2,7,7
445754.0,4,1,1,10000
445769.0,4,1,2,10000
445788.0,4,1,1,10000
445805.0,4,1,1,10000
445816.0,16,4,17,13
445824.0,4,1,1,10000
445826.0,3,1,1,10000
445829.0,3,1,1,10000
445860.0,51,11,12,6
445861.0,4,1,3,10000
445863.0,4,1,3,10000
445873.0,4,1,1,10000
445876.0,4,1,1,10000
445877.0,4,1,1,10000
445905.0,3,1,1,10000
445926.0,4,1,1,10000
445955.0,9,2,6,6
445956.0,4,1,2,10000
446000.0,4,1,1,10000
446016.0,4,1,1,10000
446031.0,4,1,3,10000
446058.0,4,1,1,10000
446059.0,4,1,1,10000
446061.0,4,1,1,10000
446086.0,3,1,1,10000
446111.0,4,1,1,10000
446116.0,8,2,22,22
446121.0,3,1,1,10000
446122.0,3,1,1,10000
446129.0,2,1,3,10000
446144.0,3,1,1,10000
446145.0,4,1,6,10000
446157.0,4,1,1,10000
446158.0,3,1,1,10000
446159.0,2,1,1,10000
446160.0,3,1,1,10000
446180.0,9,2,25,25
446189.0,3,1,1,10000
446191.0,3,1,1,10000
446230.0,3,1,1,10000
446243.0,4,1,1,10000
446249.0,4,1,1,10000
446250.0,3,1,1,10000
446252.0,3,1,2,10000
446260.0,8,2,16,16
446298.0,4,1,1,10000
446320.0,4,1,1,10000
446331.0,4,1,1,10000
446357.0,4,1,1,10000
446359.0,3,1,1,10000
446374.0,4,1,1,10000
446405.0,3,1,3,10000
446416.0,2,1,1,10000
446417.0,3,1,1,10000
446438.0,3,1,2,10000
446487.0,4,1,1,10000
446488.0,3,1,1,10000
446507.0,3,1,1,10000
446530.0,3,1,1,10000
446531.0,4,1,1,10000
446563.0,3,1,1,10000
446585.0,4,1,1,10000
446587.0,4,1,1,10000
446598.0,4,1,1,10000
446633.0,9,2,4,4
446634.0,5,2,1,1
446650.0,4,1,1,10000
446754.0,3,1,2,10000
446763.0,4,1,1,10000
446799.0,4,1,1,10000
446846.0,4,1,1,10000
457981.0,4,1,1,10000
457983.0,4,1,1,10000
457984.0,3,1,1,10000
458045.0,10,2,4,4
458185.0,4,1,1,10000
458192.0,4,1,1,10000
458195.0,4,1,1,10000
458197.0,4,1,1,10000
458244.0,4,1,1,10000
458251.0,53,10,14,1
458252.0,4,1,1,10000
458253.0,4,1,1,10000
458254.0,4,1,1,10000
458319.0,4,1,1,10000
458321.0,4,1,1,10000
458363.0,3,1,1,10000
458364.0,8,2,2,2
458365.0,4,1,1,10000
458367.0,8,2,1,1
458369.0,4,1,1,10000
458370.0,3,1,1,10000
458388.0,4,1,1,10000
458430.0,2,1,1,10000
458431.0,4,1,1,10000
458432.0,4,1,3,10000
458488.0,4,1,1,10000
458567.0,4,1,1,10000
458584.0,4,1,1,10000
458634.0,2,1,1,10000
458651.0,4,1,1,10000
458705.0,8,2,16,16
458757.0,4,1,1,10000
458758.0,4,1,1,10000
458829.0,4,1,1,10000
458832.0,3,1,3,10000
458898.0,3,1,1,10000
458899.0,4,1,3,10000
458919.0,4,1,1,10000
458981.0,8,2,29,29
458982.0,7,2,1,1
459020.0,6,2,31,31
459022.0,4,1,2,10000
459083.0,9,2,3,3
459086.0,4,1,2,10000
459121.0,4,1,1,10000
459124.0,4,1,1,10000
459169.0,4,1,1,10000
459171.0,3,1,1,10000
459221.0,4,1,1,10000
459268.0,4,1,1,10000
459269.0,2,1,1,10000
459287.0,4,1,1,10000
459305.0,2,1,1,10000
459309.0,6,2,1,1
459385.0,4,1,1,10000
459386.0,4,1,2,10000
459387.0,4,1,1,10000
459512.0,4,1,1,10000
459525.0,8,2,20,20
459527.0,4,1,5,10000
459528.0,4,1,3,10000
459557.0,4,1,1,10000
459598.0,4,1,1,10000
459599.0,4,1,1,10000
459636.0,4,1,1,10000
459693.0,4,1,1,10000
459694.0,4,1,1,10000
459729.0,4,1,1,10000
459730.0,4,1,1,10000
459854.0,3,1,1,10000
459855.0,4,1,1,10000
459878.0,3,1,2,10000
459931.0,4,1,3,10000
459933.0,4,1,1,10000
459976.0,4,1,1,10000
459980.0,4,1,1,10000
460087.0,4,1,3,10000
460100.0,4,1,6,10000
460143.0,4,1,2,10000
460155.0,3,1,1,10000
460160.0,4,1,1,10000
460192.0,3,1,1,10000
460193.0,8,2,4,4
460228.0,4,1,6,10000
460229.0,4,1,1,10000
460231.0,4,1,1,10000
460347.0,4,1,1,10000
460408.0,2,1,1,10000
460472.0,4,1,1,10000
460518.0,4,1,1,10000
460566.0,4,1,1,10000
460567.0,2,1,1,10000
460568.0,4,1,1,10000
460658.0,4,1,1,10000
460740.0,4,1,1,10000
460744.0,4,1,1,10000
460781.0,4,1,1,10000
460782.0,4,1,1,10000
460818.0,4,1,1,10000
460820.0,4,1,1,10000
460935.0,4,1,1,10000
460937.0,3,1,1,10000
460961.0,4,1,2,10000
461023.0,4,1,1,10000
461064.0,4,1,1,10000
461065.0,4,1,1,10000
461083.0,3,1,1,10000
461085.0,4,1,1,10000
461152.0,4,1,1,10000
461195.0,3,1,1,10000
461260.0,3,1,1,10000
461347.0,4,1,1,10000
